Unnamed: 0,short_name,fish_id,time_point,tumor_volume,dt_min,time_in_min,cancer_cells,dpi,PixelSizeX,PixelSizeY,PixelSizeZ,time_in_h,tumor_volume_um,nr_of_fish
0,200804_LBT070_5dpi_Pos003,200804_LBT070_Pos003,0.0,660757.0,30.0,6840.0,LBT070,5,0.4329,0.4329,1.0184,114.0,126105.8793820984,9.0
2,200804_LBT070_5dpi_Pos003,200804_LBT070_Pos003,2.0,699852.0,30.0,6900.0,LBT070,5,0.4329,0.4329,1.0184,115.0,133567.1841498771,9.0
4,200804_LBT070_5dpi_Pos003,200804_LBT070_Pos003,4.0,731072.0,30.0,6960.0,LBT070,5,0.4329,0.4329,1.0184,116.0,139525.54032969676,7.0
6,200804_LBT070_5dpi_Pos003,200804_LBT070_Pos003,6.0,779610.0,30.0,7020.0,LBT070,5,0.4329,0.4329,1.0184,117.0,148789.04744872582,6.0
8,200804_LBT070_5dpi_Pos003,200804_LBT070_Pos003,8.0,829618.0,30.0,7080.0,LBT070,5,0.4329,0.4329,1.0184,118.0,158333.1049708406,6.0
10,200804_LBT070_5dpi_Pos005,200804_LBT070_Pos005,0.0,500010.0,30.0,6840.0,LBT070,5,0.4329,0.4329,1.0184,114.0,95427.21567814345,9.0
12,200804_LBT070_5dpi_Pos005,200804_LBT070_Pos005,2.0,504583.0,30.0,6900.0,LBT070,5,0.4329,0.4329,1.0184,115.0,96299.97553753856,9.0
13,200804_LBT070_5dpi_Pos006,200804_LBT070_Pos006,0.0,884598.0,30.0,6840.0,LBT070,5,0.4329,0.4329,1.0184,114.0,168826.0717474737,9.0
15,200804_LBT070_5dpi_Pos006,200804_LBT070_Pos006,2.0,855225.0,30.0,6900.0,LBT070,5,0.4329,0.4329,1.0184,115.0,163220.21665234742,9.0
17,200804_LBT070_5dpi_Pos006,200804_LBT070_Pos006,4.0,828457.0,30.0,6960.0,LBT070,5,0.4329,0.4329,1.0184,116.0,158111.5274075872,7.0
19,200804_LBT070_5dpi_Pos006,200804_LBT070_Pos006,6.0,817988.0,30.0,7020.0,LBT070,5,0.4329,0.4329,1.0184,117.0,156113.51232601987,6.0
21,200804_LBT070_5dpi_Pos006,200804_LBT070_Pos006,8.0,843857.0,30.0,7080.0,LBT070,5,0.4329,0.4329,1.0184,118.0,161050.6268684848,6.0
23,200804_LBT070_5dpi_Pos007,200804_LBT070_Pos007,0.0,1290238.0,30.0,6840.0,LBT070,5,0.4329,0.4329,1.0222,114.0,247161.53105053352,9.0
25,200804_LBT070_5dpi_Pos007,200804_LBT070_Pos007,2.0,1253771.0,30.0,6900.0,LBT070,5,0.4329,0.4329,1.0222,115.0,240175.812483246,9.0
27,200804_LBT070_5dpi_Pos007,200804_LBT070_Pos007,4.0,1185801.0,30.0,6960.0,LBT070,5,0.4329,0.4329,1.0222,116.0,227155.2928074152,7.0
29,200804_LBT070_5dpi_Pos007,200804_LBT070_Pos007,6.0,1145393.0,30.0,7020.0,LBT070,5,0.4329,0.4329,1.0222,117.0,219414.6254679863,6.0
31,200804_LBT070_5dpi_Pos007,200804_LBT070_Pos007,8.0,1129988.0,30.0,7080.0,LBT070,5,0.4329,0.4329,1.0222,118.0,216463.601404338,6.0
33,200804_LBT070_5dpi_Pos008,200804_LBT070_Pos008,0.0,1311432.0,30.0,6840.0,LBT070,5,0.4329,0.4329,1.0222,114.0,251221.5118363149,9.0
35,200804_LBT070_5dpi_Pos008,200804_LBT070_Pos008,2.0,1245156.0,30.0,6900.0,LBT070,5,0.4329,0.4329,1.0222,115.0,238525.4994479764,9.0
37,200804_LBT070_5dpi_Pos008,200804_LBT070_Pos008,4.0,1186309.0,30.0,6960.0,LBT070,5,0.4329,0.4329,1.0222,116.0,227252.6066811141,7.0
39,200804_LBT070_5dpi_Pos008,200804_LBT070_Pos008,6.0,1124154.0,30.0,7020.0,LBT070,5,0.4329,0.4329,1.0222,117.0,215346.0243587473,6.0
41,200804_LBT070_5dpi_Pos008,200804_LBT070_Pos008,8.0,1111322.0,30.0,7080.0,LBT070,5,0.4329,0.4329,1.0222,118.0,212887.89123412967,6.0
43,200929_LBT001_5dpi_Pos002,200929_LBT001_Pos002,0.0,990984.0,20.0,6840.0,LBT001,5,0.4329,0.4329,1.0184,114.0,189129.9052050745,4.0
46,200929_LBT001_5dpi_Pos002,200929_LBT001_Pos002,3.0,908395.0,20.0,6900.0,LBT001,5,0.4329,0.4329,1.0184,115.0,173367.74381701788,4.0
49,200929_LBT001_5dpi_Pos002,200929_LBT001_Pos002,6.0,832618.0,20.0,6960.0,LBT001,5,0.4329,0.4329,1.0184,116.0,158905.6568138726,4.0
52,200929_LBT001_5dpi_Pos002,200929_LBT001_Pos002,9.0,825048.0,20.0,7020.0,LBT001,5,0.4329,0.4329,1.0184,117.0,157460.91766328848,4.0
55,200929_LBT001_5dpi_Pos004,200929_LBT001_Pos004,0.0,599467.0,20.0,6840.0,LBT001,5,0.4329,0.4329,1.0222,114.0,114835.54315891344,4.0
58,200929_LBT001_5dpi_Pos004,200929_LBT001_Pos004,3.0,571493.0,20.0,6900.0,LBT001,5,0.4329,0.4329,1.0222,115.0,109476.76697218847,4.0
61,200929_LBT001_5dpi_Pos004,200929_LBT001_Pos004,6.0,627849.0,20.0,6960.0,LBT001,5,0.4329,0.4329,1.0222,116.0,120272.4769449872,4.0
64,200929_LBT001_5dpi_Pos004,200929_LBT001_Pos004,9.0,635808.0,20.0,7020.0,LBT001,5,0.4329,0.4329,1.0222,117.0,121797.12482051965,4.0
67,200929_LBT001_5dpi_Pos006,200929_LBT001_Pos006,0.0,833629.0,20.0,6840.0,LBT001,5,0.4329,0.4329,1.0222,114.0,159692.25830282876,4.0
70,200929_LBT001_5dpi_Pos006,200929_LBT001_Pos006,3.0,890038.0,20.0,6900.0,LBT001,5,0.4329,0.4329,1.0222,115.0,170498.1211010331,4.0
73,200929_LBT001_5dpi_Pos006,200929_LBT001_Pos006,6.0,889517.0,20.0,6960.0,LBT001,5,0.4329,0.4329,1.0222,116.0,170398.31691166855,4.0
76,200929_LBT001_5dpi_Pos006,200929_LBT001_Pos006,9.0,827039.0,20.0,7020.0,LBT001,5,0.4329,0.4329,1.0222,117.0,158429.8598231506,4.0
79,200929_LBT001_5dpi_Pos008,200929_LBT001_Pos008,0.0,505828.0,20.0,6840.0,LBT001,5,0.4329,0.4329,1.0184,114.0,96537.58455239685,4.0
82,200929_LBT001_5dpi_Pos008,200929_LBT001_Pos008,3.0,480154.0,20.0,6900.0,LBT001,5,0.4329,0.4329,1.0184,115.0,91637.68587972898,4.0
85,200929_LBT001_5dpi_Pos008,200929_LBT001_Pos008,6.0,455366.0,20.0,6960.0,LBT001,5,0.4329,0.4329,1.0184,116.0,86906.8808513699,4.0
88,200929_LBT001_5dpi_Pos008,200929_LBT001_Pos008,9.0,461282.0,20.0,7020.0,LBT001,5,0.4329,0.4329,1.0184,117.0,88035.95308582901,4.0
91,201006_LBT003_5dpi_Pos001,201006_LBT003_Pos001,0.0,1672435.0,20.0,6840.0,LBT003,5,0.4329,0.4329,1.0222,114.0,320376.2369287673,18.0
94,201006_LBT003_5dpi_Pos001,201006_LBT003_Pos001,3.0,1476384.0,20.0,6900.0,LBT003,5,0.4329,0.4329,1.0222,115.0,282820.1695024568,18.0
97,201006_LBT003_5dpi_Pos001,201006_LBT003_Pos001,6.0,1510703.0,20.0,6960.0,LBT003,5,0.4329,0.4329,1.0222,116.0,289394.4112967019,16.0
100,201006_LBT003_5dpi_Pos001,201006_LBT003_Pos001,9.0,1529690.0,20.0,7020.0,LBT003,5,0.4329,0.4329,1.0222,117.0,293031.6131075744,16.0
103,201006_LBT003_5dpi_Pos002,201006_LBT003_Pos002,0.0,1237311.0,20.0,6840.0,LBT003,5,0.4329,0.4329,1.0184,114.0,236141.56448458892,18.0
106,201006_LBT003_5dpi_Pos002,201006_LBT003_Pos002,3.0,1094001.0,20.0,6900.0,LBT003,5,0.4329,0.4329,1.0184,115.0,208790.7629429504,18.0
109,201006_LBT003_5dpi_Pos002,201006_LBT003_Pos002,6.0,1061521.0,20.0,6960.0,LBT003,5,0.4329,0.4329,1.0184,116.0,202591.9349890572,16.0
112,201006_LBT003_5dpi_Pos002,201006_LBT003_Pos002,9.0,1125459.0,20.0,7020.0,LBT003,5,0.4329,0.4329,1.0184,117.0,214794.5415689839,16.0
115,201006_LBT003_5dpi_Pos004,201006_LBT003_Pos004,0.0,929780.0,20.0,6840.0,LBT003,5,0.4329,0.4329,1.0222,114.0,178111.20765328957,18.0
118,201006_LBT003_5dpi_Pos004,201006_LBT003_Pos004,3.0,876636.0,20.0,6900.0,LBT003,5,0.4329,0.4329,1.0222,115.0,167930.79721261928,18.0
121,201006_LBT003_5dpi_Pos004,201006_LBT003_Pos004,6.0,779436.0,20.0,6960.0,LBT003,5,0.4329,0.4329,1.0222,116.0,149310.89854422485,16.0
124,201006_LBT003_5dpi_Pos004,201006_LBT003_Pos004,9.0,688612.0,20.0,7020.0,LBT003,5,0.4329,0.4329,1.0222,117.0,131912.40392839923,16.0
127,201006_LBT003_5dpi_Pos005,201006_LBT003_Pos005,0.0,2087363.0,20.0,6840.0,LBT003,5,0.4329,0.4329,1.0184,114.0,398374.51090893487,18.0
130,201006_LBT003_5dpi_Pos005,201006_LBT003_Pos005,3.0,1984308.0,20.0,6900.0,LBT003,5,0.4329,0.4329,1.0184,115.0,378706.4008477139,18.0
133,201006_LBT003_5dpi_Pos005,201006_LBT003_Pos005,6.0,1928125.0,20.0,6960.0,LBT003,5,0.4329,0.4329,1.0184,116.0,367983.840782025,16.0
136,201006_LBT003_5dpi_Pos005,201006_LBT003_Pos005,9.0,1778260.0,20.0,7020.0,LBT003,5,0.4329,0.4329,1.0184,117.0,339382.0134633614,16.0
139,201013_LBT070_5dpi_Pos003,201013_LBT070_Pos003,0.0,203692.0,15.0,6840.0,LBT070,5,0.4329,0.4329,1.0222,114.0,39019.798349409386,9.0
143,201013_LBT070_5dpi_Pos003,201013_LBT070_Pos003,4.0,200349.0,15.0,6900.0,LBT070,5,0.4329,0.4329,1.0222,115.0,38379.4040978822,9.0
147,201013_LBT070_5dpi_Pos003,201013_LBT070_Pos003,8.0,184237.0,15.0,6960.0,LBT070,5,0.4329,0.4329,1.0222,116.0,35292.94517457797,7.0
151,201013_LBT070_5dpi_Pos003,201013_LBT070_Pos003,12.0,156251.0,15.0,7020.0,LBT070,5,0.4329,0.4329,1.0222,117.0,29931.870234931004,6.0
155,201013_LBT070_5dpi_Pos003,201013_LBT070_Pos003,16.0,151156.0,15.0,7080.0,LBT070,5,0.4329,0.4329,1.0222,118.0,28955.85805678831,6.0
159,201013_LBT070_5dpi_Pos004,201013_LBT070_Pos004,0.0,289083.0,15.0,6840.0,LBT070,5,0.4329,0.4329,1.0222,114.0,55377.53257978867,9.0
163,201013_LBT070_5dpi_Pos004,201013_LBT070_Pos004,4.0,209942.0,15.0,6900.0,LBT070,5,0.4329,0.4329,1.0222,115.0,40217.06549629688,9.0
167,201013_LBT070_5dpi_Pos004,201013_LBT070_Pos004,8.0,189064.0,15.0,6960.0,LBT070,5,0.4329,0.4329,1.0222,116.0,36217.618537462135,7.0
171,201013_LBT070_5dpi_Pos004,201013_LBT070_Pos004,12.0,199357.0,15.0,7020.0,LBT070,5,0.4329,0.4329,1.0222,117.0,38189.37385632822,6.0
175,201013_LBT070_5dpi_Pos004,201013_LBT070_Pos004,16.0,223652.0,15.0,7080.0,LBT070,5,0.4329,0.4329,1.0222,118.0,42843.3907097093,6.0
179,201013_LBT070_5dpi_Pos007,201013_LBT070_Pos007,0.0,238633.0,15.0,6840.0,LBT070,5,0.4329,0.4329,1.0184,114.0,45543.25465275176,9.0
183,201013_LBT070_5dpi_Pos007,201013_LBT070_Pos007,4.0,240899.0,15.0,6900.0,LBT070,5,0.4329,0.4329,1.0184,115.0,45975.72214485525,9.0
187,201013_LBT070_5dpi_Pos007,201013_LBT070_Pos007,8.0,227624.0,15.0,6960.0,LBT070,5,0.4329,0.4329,1.0184,116.0,43442.180239438654,7.0
191,201013_LBT070_5dpi_Pos008,201013_LBT070_Pos008,0.0,108326.0,15.0,6840.0,LBT070,5,0.4329,0.4329,1.0222,114.0,20751.225752597653,9.0
195,201013_LBT070_5dpi_Pos008,201013_LBT070_Pos008,4.0,73257.0,15.0,6900.0,LBT070,5,0.4329,0.4329,1.0222,115.0,14033.311900726016,9.0
199,210216_BT333_5dpi_Pos002,210216_BT333_Pos002,0.0,330364.0,15.0,6840.0,BT333,5,0.4329,0.4329,1.0222,114.0,63285.43419429473,10.0
203,210216_BT333_5dpi_Pos002,210216_BT333_Pos002,4.0,308049.0,15.0,6900.0,BT333,5,0.4329,0.4329,1.0222,115.0,59010.71157304761,10.0
207,210216_BT333_5dpi_Pos002,210216_BT333_Pos002,8.0,313870.0,15.0,6960.0,BT333,5,0.4329,0.4329,1.0222,116.0,60125.79830297274,10.0
211,210216_BT333_5dpi_Pos002,210216_BT333_Pos002,12.0,331333.0,15.0,7020.0,BT333,5,0.4329,0.4329,1.0222,117.0,63471.05849274817,10.0
215,210216_BT333_5dpi_Pos002,210216_BT333_Pos002,16.0,334680.0,15.0,7080.0,BT333,5,0.4329,0.4329,1.0222,118.0,64112.218995249365,10.0
219,210216_BT333_5dpi_Pos002,210216_BT333_Pos002,20.0,295454.0,15.0,7140.0,BT333,5,0.4329,0.4329,1.0222,119.0,56597.97881863991,10.0
223,210216_BT333_5dpi_Pos004,210216_BT333_Pos004,0.0,598295.0,15.0,6840.0,BT333,5,0.4329,0.4329,1.0222,114.0,114611.0316235291,10.0
227,210216_BT333_5dpi_Pos004,210216_BT333_Pos004,4.0,578296.0,15.0,6900.0,BT333,5,0.4329,0.4329,1.0222,115.0,110779.9683162326,10.0
231,210216_BT333_5dpi_Pos004,210216_BT333_Pos004,8.0,544459.0,15.0,6960.0,BT333,5,0.4329,0.4329,1.0222,116.0,104298.05976435542,10.0
235,210216_BT333_5dpi_Pos004,210216_BT333_Pos004,12.0,583229.0,15.0,7020.0,BT333,5,0.4329,0.4329,1.0222,117.0,111724.94732992796,10.0
239,210216_BT333_5dpi_Pos004,210216_BT333_Pos004,16.0,565144.0,15.0,7080.0,BT333,5,0.4329,0.4329,1.0222,118.0,108260.53511369428,10.0
243,210216_BT333_5dpi_Pos004,210216_BT333_Pos004,20.0,565554.0,15.0,7140.0,BT333,5,0.4329,0.4329,1.0222,119.0,108339.07583853012,10.0
247,210216_BT333_5dpi_Pos005,210216_BT333_Pos005,0.0,394310.0,15.0,6840.0,BT333,5,0.4329,0.4329,1.0222,114.0,75535.10539027362,10.0
251,210216_BT333_5dpi_Pos005,210216_BT333_Pos005,4.0,380107.0,15.0,6900.0,BT333,5,0.4329,0.4329,1.0222,115.0,72814.33974431471,10.0
255,210216_BT333_5dpi_Pos005,210216_BT333_Pos005,8.0,370792.0,15.0,6960.0,BT333,5,0.4329,0.4329,1.0222,116.0,71029.93278859359,10.0
259,210216_BT333_5dpi_Pos005,210216_BT333_Pos005,12.0,335695.0,15.0,7020.0,BT333,5,0.4329,0.4329,1.0222,117.0,64306.65517990389,10.0
263,210216_BT333_5dpi_Pos005,210216_BT333_Pos005,16.0,340947.0,15.0,7080.0,BT333,5,0.4329,0.4329,1.0222,118.0,65312.74270877639,10.0
267,210216_BT333_5dpi_Pos005,210216_BT333_Pos005,20.0,400937.0,15.0,7140.0,BT333,5,0.4329,0.4329,1.0222,119.0,76804.59169146138,10.0
271,210216_BT333_5dpi_Pos006,210216_BT333_Pos006,0.0,1113814.0,15.0,6840.0,BT333,5,0.4329,0.4329,1.0184,114.0,212572.086164948,10.0
275,210216_BT333_5dpi_Pos006,210216_BT333_Pos006,4.0,1157996.0,15.0,6900.0,BT333,5,0.4329,0.4329,1.0184,115.0,221004.24800789464,10.0
279,210216_BT333_5dpi_Pos006,210216_BT333_Pos006,8.0,1066393.0,15.0,6960.0,BT333,5,0.4329,0.4329,1.0184,116.0,203521.7591821412,10.0
283,210216_BT333_5dpi_Pos006,210216_BT333_Pos006,12.0,1089155.0,15.0,7020.0,BT333,5,0.4329,0.4329,1.0184,117.0,207865.90086583933,10.0
287,210216_BT333_5dpi_Pos006,210216_BT333_Pos006,16.0,1100244.0,15.0,7080.0,BT333,5,0.4329,0.4329,1.0184,118.0,209982.2433283,10.0
291,210216_BT333_5dpi_Pos006,210216_BT333_Pos006,20.0,977982.0,15.0,7140.0,BT333,5,0.4329,0.4329,1.0184,119.0,186648.4655173738,10.0
295,210727_CME037_5dpi_Pos001,210727_CME037_Pos001,0.0,438575.0,20.0,6840.0,CME037,5,0.4329,0.4329,1.0184,114.0,83702.3081859198,9.0
298,210727_CME037_5dpi_Pos001,210727_CME037_Pos001,3.0,394118.0,20.0,6900.0,CME037,5,0.4329,0.4329,1.0184,115.0,75217.66242402859,9.0
301,210727_CME037_5dpi_Pos001,210727_CME037_Pos001,6.0,340252.0,20.0,6960.0,CME037,5,0.4329,0.4329,1.0184,116.0,64937.30323177469,9.0
304,210727_CME037_5dpi_Pos001,210727_CME037_Pos001,9.0,338887.0,20.0,7020.0,CME037,5,0.4329,0.4329,1.0184,117.0,64676.79214319513,9.0
307,210727_CME037_5dpi_Pos001,210727_CME037_Pos001,12.0,300186.0,20.0,7080.0,CME037,5,0.4329,0.4329,1.0184,118.0,57290.68251746798,9.0
310,210727_CME037_5dpi_Pos002,210727_CME037_Pos002,0.0,710919.0,20.0,6840.0,CME037,5,0.4329,0.4329,1.0184,114.0,135679.32789882214,9.0
313,210727_CME037_5dpi_Pos002,210727_CME037_Pos002,3.0,595110.0,20.0,6900.0,CME037,5,0.4329,0.4329,1.0184,115.0,113577.10910225783,9.0
316,210727_CME037_5dpi_Pos002,210727_CME037_Pos002,6.0,554138.0,20.0,6960.0,CME037,5,0.4329,0.4329,1.0184,116.0,105757.57773135549,9.0
319,210727_CME037_5dpi_Pos002,210727_CME037_Pos002,9.0,521227.0,20.0,7020.0,CME037,5,0.4329,0.4329,1.0184,117.0,99476.49316268008,9.0
322,210727_CME037_5dpi_Pos002,210727_CME037_Pos002,12.0,497163.0,20.0,7080.0,CME037,5,0.4329,0.4329,1.0184,118.0,94883.86397910609,9.0
325,210727_CME037_5dpi_Pos003,210727_CME037_Pos003,0.0,298019.0,20.0,6840.0,CME037,5,0.4329,0.4329,1.0222,114.0,57089.33725572255,9.0
328,210727_CME037_5dpi_Pos003,210727_CME037_Pos003,3.0,195267.0,20.0,6900.0,CME037,5,0.4329,0.4329,1.0222,115.0,37405.88223540504,9.0
331,210727_CME037_5dpi_Pos003,210727_CME037_Pos003,6.0,243530.0,20.0,6960.0,CME037,5,0.4329,0.4329,1.0222,116.0,46651.27492504207,9.0
334,210727_CME037_5dpi_Pos003,210727_CME037_Pos003,9.0,224773.0,20.0,7020.0,CME037,5,0.4329,0.4329,1.0222,117.0,43058.132545175045,9.0
337,210727_CME037_5dpi_Pos003,210727_CME037_Pos003,12.0,234546.0,20.0,7080.0,CME037,5,0.4329,0.4329,1.0222,118.0,44930.2752374201,9.0
340,210727_CME037_5dpi_Pos005,210727_CME037_Pos005,0.0,169910.0,20.0,6840.0,CME037,5,0.4329,0.4329,1.0222,114.0,32548.425748424823,9.0
343,210727_CME037_5dpi_Pos005,210727_CME037_Pos005,3.0,137433.0,20.0,6900.0,CME037,5,0.4329,0.4329,1.0222,115.0,26327.042527710368,9.0
346,210727_CME037_5dpi_Pos005,210727_CME037_Pos005,6.0,130737.0,20.0,6960.0,CME037,5,0.4329,0.4329,1.0222,116.0,25044.33839722097,9.0
349,210727_CME037_5dpi_Pos005,210727_CME037_Pos005,9.0,112149.0,20.0,7020.0,CME037,5,0.4329,0.4329,1.0222,117.0,21483.5701210058,9.0
352,210727_CME037_5dpi_Pos005,210727_CME037_Pos005,12.0,121657.0,20.0,7080.0,CME037,5,0.4329,0.4329,1.0222,118.0,23304.94868622281,9.0
355,211005_CME037_5dpi_Pos001,211005_CME037_Pos001,0.0,1747448.0,20.0,6840.0,CME037,5,0.4329,0.4329,1.0032,114.0,328523.889642639,9.0
358,211005_CME037_5dpi_Pos001,211005_CME037_Pos001,3.0,1714378.0,20.0,6900.0,CME037,5,0.4329,0.4329,1.0032,115.0,322306.6602713032,9.0
361,211005_CME037_5dpi_Pos001,211005_CME037_Pos001,6.0,1580856.0,20.0,6960.0,CME037,5,0.4329,0.4329,1.0032,116.0,297204.2441806015,9.0
364,211005_CME037_5dpi_Pos001,211005_CME037_Pos001,9.0,1537617.0,20.0,7020.0,CME037,5,0.4329,0.4329,1.0032,117.0,289075.22147763235,9.0
367,211005_CME037_5dpi_Pos001,211005_CME037_Pos001,12.0,1539257.0,20.0,7080.0,CME037,5,0.4329,0.4329,1.0032,118.0,289383.54491788003,9.0
370,211005_CME037_5dpi_Pos001,211005_CME037_Pos001,15.0,1438178.0,20.0,7140.0,CME037,5,0.4329,0.4329,1.0032,119.0,270380.4808832488,5.0
373,211005_CME037_5dpi_Pos001,211005_CME037_Pos001,18.0,1479667.0,20.0,7200.0,CME037,5,0.4329,0.4329,1.0032,120.0,278180.49991522194,5.0
376,211005_CME037_5dpi_Pos001,211005_CME037_Pos001,21.0,1476762.0,20.0,7260.0,CME037,5,0.4329,0.4329,1.0032,121.0,277634.3538213686,5.0
379,211005_CME037_5dpi_Pos001,211005_CME037_Pos001,24.0,1460951.0,20.0,7320.0,CME037,5,0.4329,0.4329,1.0032,122.0,274661.85265444417,5.0
382,211005_CME037_5dpi_Pos001,211005_CME037_Pos001,27.0,1495331.0,20.0,7380.0,CME037,5,0.4329,0.4329,1.0032,123.0,281125.3647737827,5.0
385,211005_CME037_5dpi_Pos002,211005_CME037_Pos002,0.0,1706580.0,20.0,6840.0,CME037,5,0.4329,0.4329,1.0906,114.0,348792.6436179167,9.0
388,211005_CME037_5dpi_Pos002,211005_CME037_Pos002,3.0,1690276.0,20.0,6900.0,CME037,5,0.4329,0.4329,1.0906,115.0,345460.41467960353,9.0
391,211005_CME037_5dpi_Pos002,211005_CME037_Pos002,6.0,1681163.0,20.0,6960.0,CME037,5,0.4329,0.4329,1.0906,116.0,343597.8900037664,9.0
394,211005_CME037_5dpi_Pos002,211005_CME037_Pos002,9.0,1647682.0,20.0,7020.0,CME037,5,0.4329,0.4329,1.0906,117.0,336755.007454474,9.0
397,211005_CME037_5dpi_Pos002,211005_CME037_Pos002,12.0,1622610.0,20.0,7080.0,CME037,5,0.4329,0.4329,1.0906,118.0,331630.7653089031,9.0
400,211005_CME037_5dpi_Pos002,211005_CME037_Pos002,15.0,1660065.0,20.0,7140.0,CME037,5,0.4329,0.4329,1.0906,119.0,339285.85822380247,5.0
403,211005_CME037_5dpi_Pos002,211005_CME037_Pos002,18.0,1721082.0,20.0,7200.0,CME037,5,0.4329,0.4329,1.0906,120.0,351756.5778710704,5.0
406,211005_CME037_5dpi_Pos002,211005_CME037_Pos002,21.0,1672352.0,20.0,7260.0,CME037,5,0.4329,0.4329,1.0906,121.0,341797.0884105698,5.0
409,211005_CME037_5dpi_Pos002,211005_CME037_Pos002,24.0,1626245.0,20.0,7320.0,CME037,5,0.4329,0.4329,1.0906,122.0,332373.6904923408,5.0
412,211005_CME037_5dpi_Pos002,211005_CME037_Pos002,27.0,1729569.0,20.0,7380.0,CME037,5,0.4329,0.4329,1.0906,123.0,353491.1599981229,5.0
415,211005_CME037_5dpi_Pos003,211005_CME037_Pos003,0.0,721856.0,20.0,6840.0,CME037,5,0.4329,0.4329,1.1476,114.0,155244.5210541289,9.0
418,211005_CME037_5dpi_Pos003,211005_CME037_Pos003,3.0,459839.0,20.0,6900.0,CME037,5,0.4329,0.4329,1.1476,115.0,98894.35748543972,9.0
421,211005_CME037_5dpi_Pos003,211005_CME037_Pos003,6.0,538631.0,20.0,6960.0,CME037,5,0.4329,0.4329,1.1476,116.0,115839.6018318148,9.0
424,211005_CME037_5dpi_Pos003,211005_CME037_Pos003,9.0,448936.0,20.0,7020.0,CME037,5,0.4329,0.4329,1.1476,117.0,96549.52553411818,9.0
427,211005_CME037_5dpi_Pos003,211005_CME037_Pos003,12.0,478453.0,20.0,7080.0,CME037,5,0.4329,0.4329,1.1476,118.0,102897.54027383737,9.0
430,211005_CME037_5dpi_Pos003,211005_CME037_Pos003,15.0,401873.0,20.0,7140.0,CME037,5,0.4329,0.4329,1.1476,119.0,86428.01529610607,5.0
433,211005_CME037_5dpi_Pos003,211005_CME037_Pos003,18.0,397210.0,20.0,7200.0,CME037,5,0.4329,0.4329,1.1476,120.0,85425.17650045235,5.0
436,211005_CME037_5dpi_Pos003,211005_CME037_Pos003,21.0,174394.0,20.0,7260.0,CME037,5,0.4329,0.4329,1.1476,121.0,37505.6978188361,5.0
439,211005_CME037_5dpi_Pos003,211005_CME037_Pos003,24.0,415894.0,20.0,7320.0,CME037,5,0.4329,0.4329,1.1476,122.0,89443.4136992501,5.0
442,211005_CME037_5dpi_Pos003,211005_CME037_Pos003,27.0,393466.0,20.0,7380.0,CME037,5,0.4329,0.4329,1.1476,123.0,84619.98060705165,5.0
445,211005_CME037_5dpi_Pos004,211005_CME037_Pos004,0.0,1066442.0,20.0,6840.0,CME037,5,0.4329,0.4329,1.0184,114.0,203531.11086224407,9.0
448,211005_CME037_5dpi_Pos004,211005_CME037_Pos004,3.0,960845.0,20.0,6900.0,CME037,5,0.4329,0.4329,1.0184,115.0,183377.8585393607,9.0
451,211005_CME037_5dpi_Pos004,211005_CME037_Pos004,6.0,1036714.0,20.0,6960.0,CME037,5,0.4329,0.4329,1.0184,116.0,197857.5037990256,9.0
454,211005_CME037_5dpi_Pos004,211005_CME037_Pos004,9.0,1057976.0,20.0,7020.0,CME037,5,0.4329,0.4329,1.0184,117.0,201915.3695612077,9.0
457,211005_CME037_5dpi_Pos004,211005_CME037_Pos004,12.0,1115754.0,20.0,7080.0,CME037,5,0.4329,0.4329,1.0184,118.0,212942.33635677537,9.0
460,211005_CME037_5dpi_Pos004,211005_CME037_Pos004,15.0,1050288.0,20.0,7140.0,CME037,5,0.4329,0.4329,1.0184,119.0,200448.1100381311,5.0
463,211005_CME037_5dpi_Pos004,211005_CME037_Pos004,18.0,1042317.0,20.0,7200.0,CME037,5,0.4329,0.4329,1.0184,120.0,198926.83979119503,5.0
466,211005_CME037_5dpi_Pos004,211005_CME037_Pos004,21.0,466119.0,20.0,7260.0,CME037,5,0.4329,0.4329,1.0184,121.0,88959.09750741094,5.0
469,211005_CME037_5dpi_Pos004,211005_CME037_Pos004,24.0,636013.0,20.0,7320.0,CME037,5,0.4329,0.4329,1.0184,122.0,121383.47178077046,5.0
472,211005_CME037_5dpi_Pos004,211005_CME037_Pos004,27.0,934127.0,20.0,7380.0,CME037,5,0.4329,0.4329,1.0184,123.0,178278.7118253177,5.0
475,211005_CME037_5dpi_Pos005,211005_CME037_Pos005,0.0,2521515.0,20.0,6840.0,CME037,5,0.4329,0.4329,1.0602,114.0,500984.7747197892,9.0
478,211005_CME037_5dpi_Pos005,211005_CME037_Pos005,3.0,2458946.0,20.0,6900.0,CME037,5,0.4329,0.4329,1.0602,115.0,488553.3133287436,9.0
481,211005_CME037_5dpi_Pos005,211005_CME037_Pos005,6.0,2365433.0,20.0,6960.0,CME037,5,0.4329,0.4329,1.0602,116.0,469973.77315612056,9.0
484,211005_CME037_5dpi_Pos005,211005_CME037_Pos005,9.0,2342648.0,20.0,7020.0,CME037,5,0.4329,0.4329,1.0602,117.0,465446.75741677714,9.0
487,211005_CME037_5dpi_Pos005,211005_CME037_Pos005,12.0,2391728.0,20.0,7080.0,CME037,5,0.4329,0.4329,1.0602,118.0,475198.16985860176,9.0
490,211005_CME037_5dpi_Pos005,211005_CME037_Pos005,15.0,2410692.0,20.0,7140.0,CME037,5,0.4329,0.4329,1.0602,119.0,478966.0138998968,5.0
493,211005_CME037_5dpi_Pos005,211005_CME037_Pos005,18.0,2422939.0,20.0,7200.0,CME037,5,0.4329,0.4329,1.0602,120.0,481399.297277546,5.0
496,211005_CME037_5dpi_Pos005,211005_CME037_Pos005,21.0,2265262.0,20.0,7260.0,CME037,5,0.4329,0.4329,1.0602,121.0,450071.3946779216,5.0
499,211005_CME037_5dpi_Pos005,211005_CME037_Pos005,24.0,1989934.0,20.0,7320.0,CME037,5,0.4329,0.4329,1.0602,122.0,395368.1166668646,5.0
502,211005_CME037_5dpi_Pos005,211005_CME037_Pos005,27.0,1892881.0,20.0,7380.0,CME037,5,0.4329,0.4329,1.0602,123.0,376085.2350100513,5.0
505,211019_CME038_5dpi_Pos001,211019_CME038_Pos001,0.0,751493.0,20.0,6840.0,CME038,5,0.4329,0.4329,1.0184,114.0,143422.9007252156,6.0
508,211019_CME038_5dpi_Pos001,211019_CME038_Pos001,3.0,686162.0,20.0,6900.0,CME038,5,0.4329,0.4329,1.0184,115.0,130954.43923950774,6.0
511,211019_CME038_5dpi_Pos001,211019_CME038_Pos001,6.0,620655.0,20.0,6960.0,CME038,5,0.4329,0.4329,1.0184,116.0,118452.38804567534,6.0
514,211019_CME038_5dpi_Pos001,211019_CME038_Pos001,9.0,663322.0,20.0,7020.0,CME038,5,0.4329,0.4329,1.0184,117.0,126595.41120789078,4.0
517,211019_CME038_5dpi_Pos001,211019_CME038_Pos001,12.0,681246.0,20.0,7080.0,CME038,5,0.4329,0.4329,1.0184,118.0,130016.21761939264,4.0
520,211019_CME038_5dpi_Pos002,211019_CME038_Pos002,0.0,266795.0,20.0,6840.0,CME038,5,0.4329,0.4329,1.0184,114.0,50917.98965390748,6.0
523,211019_CME038_5dpi_Pos002,211019_CME038_Pos002,3.0,264751.0,20.0,6900.0,CME038,5,0.4329,0.4329,1.0184,115.0,50527.89099818835,6.0
526,211019_CME038_5dpi_Pos002,211019_CME038_Pos002,6.0,284330.0,20.0,6960.0,CME038,5,0.4329,0.4329,1.0184,116.0,54264.55517642952,6.0
529,211019_CME038_5dpi_Pos003,211019_CME038_Pos003,0.0,313700.0,20.0,6840.0,CME038,5,0.4329,0.4329,1.0222,114.0,60093.232636577406,6.0
532,211019_CME038_5dpi_Pos003,211019_CME038_Pos003,3.0,379222.0,20.0,6900.0,CME038,5,0.4329,0.4329,1.0222,115.0,72644.80671631543,6.0
535,211019_CME038_5dpi_Pos003,211019_CME038_Pos003,6.0,437753.0,20.0,6960.0,CME038,5,0.4329,0.4329,1.0222,116.0,83857.165656231,6.0
538,211019_CME038_5dpi_Pos003,211019_CME038_Pos003,9.0,444763.0,20.0,7020.0,CME038,5,0.4329,0.4329,1.0222,117.0,85200.02048818003,4.0
541,211019_CME038_5dpi_Pos003,211019_CME038_Pos003,12.0,370709.0,20.0,7080.0,CME038,5,0.4329,0.4329,1.0222,118.0,71014.03308088292,4.0
544,211019_CME038_5dpi_Pos004,211019_CME038_Pos004,0.0,1087573.0,20.0,6840.0,CME038,5,0.4329,0.4329,1.0222,114.0,208338.46763870065,6.0
547,211019_CME038_5dpi_Pos004,211019_CME038_Pos004,3.0,1078891.0,20.0,6900.0,CME038,5,0.4329,0.4329,1.0222,115.0,206675.31989961627,6.0
550,211019_CME038_5dpi_Pos004,211019_CME038_Pos004,6.0,1075218.0,20.0,6960.0,CME038,5,0.4329,0.4329,1.0222,116.0,205971.70994273343,6.0
553,211019_CME038_5dpi_Pos005,211019_CME038_Pos005,0.0,647073.0,20.0,6840.0,CME038,5,0.4329,0.4329,1.0222,114.0,123955.07912606964,6.0
556,211019_CME038_5dpi_Pos005,211019_CME038_Pos005,3.0,711868.0,20.0,6900.0,CME038,5,0.4329,0.4329,1.0222,115.0,136367.38709128177,6.0
559,211019_CME038_5dpi_Pos005,211019_CME038_Pos005,6.0,716031.0,20.0,6960.0,CME038,5,0.4329,0.4329,1.0222,116.0,137164.86279248056,6.0
562,211019_CME038_5dpi_Pos005,211019_CME038_Pos005,9.0,730012.0,20.0,7020.0,CME038,5,0.4329,0.4329,1.0222,117.0,139843.10150938202,4.0
565,211019_CME038_5dpi_Pos005,211019_CME038_Pos005,12.0,748825.0,20.0,7080.0,CME038,5,0.4329,0.4329,1.0222,118.0,143446.97140288516,4.0
568,211019_CME038_5dpi_Pos006,211019_CME038_Pos006,0.0,1794086.0,20.0,6840.0,CME038,5,0.4329,0.4329,1.0184,114.0,342402.4152859696,6.0
571,211019_CME038_5dpi_Pos006,211019_CME038_Pos006,3.0,1948235.0,20.0,6900.0,CME038,5,0.4329,0.4329,1.0184,115.0,371821.84663648286,6.0
574,211019_CME038_5dpi_Pos006,211019_CME038_Pos006,6.0,1993614.0,20.0,6960.0,CME038,5,0.4329,0.4329,1.0184,116.0,380482.4566647993,6.0
577,211019_CME038_5dpi_Pos006,211019_CME038_Pos006,9.0,2047885.0,20.0,7020.0,CME038,5,0.4329,0.4329,1.0184,117.0,390840.1103558624,4.0
580,211019_CME038_5dpi_Pos006,211019_CME038_Pos006,12.0,2003873.0,20.0,7080.0,CME038,5,0.4329,0.4329,1.0184,118.0,382440.3931173544,4.0
583,211123_LBT123_5dpi_Pos001,211123_LBT123_Pos001,0.0,384066.0,20.0,6840.0,LBT123,5,0.4329,0.4329,1.0222,114.0,73572.73664583913,11.0
586,211123_LBT123_5dpi_Pos001,211123_LBT123_Pos001,3.0,394968.0,20.0,6900.0,LBT123,5,0.4329,0.4329,1.0222,115.0,75661.15367549795,11.0
589,211123_LBT123_5dpi_Pos001,211123_LBT123_Pos001,6.0,383692.0,20.0,6960.0,LBT123,5,0.4329,0.4329,1.0222,116.0,73501.09217976939,11.0
592,211123_LBT123_5dpi_Pos001,211123_LBT123_Pos001,9.0,389366.0,20.0,7020.0,LBT123,5,0.4329,0.4329,1.0222,117.0,74588.01918639975,11.0
595,211123_LBT123_5dpi_Pos001,211123_LBT123_Pos001,12.0,394806.0,20.0,7080.0,LBT123,5,0.4329,0.4329,1.0222,118.0,75630.12051105063,9.0
598,211123_LBT123_5dpi_Pos001,211123_LBT123_Pos001,15.0,401524.0,20.0,7140.0,LBT123,5,0.4329,0.4329,1.0222,119.0,76917.03902189706,9.0
601,211123_LBT123_5dpi_Pos001,211123_LBT123_Pos001,18.0,382845.0,20.0,7200.0,LBT123,5,0.4329,0.4329,1.0222,120.0,73338.83853602319,9.0
604,211123_LBT123_5dpi_Pos001,211123_LBT123_Pos001,21.0,356229.0,20.0,7260.0,LBT123,5,0.4329,0.4329,1.0222,121.0,68240.20455497396,9.0
607,211123_LBT123_5dpi_Pos003,211123_LBT123_Pos003,0.0,301989.0,20.0,6840.0,LBT123,5,0.4329,0.4329,1.0222,114.0,57849.84134742548,11.0
610,211123_LBT123_5dpi_Pos003,211123_LBT123_Pos003,3.0,296780.0,20.0,6900.0,LBT123,5,0.4329,0.4329,1.0222,115.0,56851.99101652356,11.0
613,211123_LBT123_5dpi_Pos003,211123_LBT123_Pos003,6.0,300219.0,20.0,6960.0,LBT123,5,0.4329,0.4329,1.0222,116.0,57510.77529142694,11.0
616,211123_LBT123_5dpi_Pos003,211123_LBT123_Pos003,9.0,334850.0,20.0,7020.0,LBT123,5,0.4329,0.4329,1.0222,117.0,64144.7846616447,11.0
619,211123_LBT123_5dpi_Pos003,211123_LBT123_Pos003,12.0,488681.0,20.0,7080.0,LBT123,5,0.4329,0.4329,1.0222,118.0,93613.07305730086,9.0
622,211123_LBT123_5dpi_Pos003,211123_LBT123_Pos003,15.0,521791.0,20.0,7140.0,LBT123,5,0.4329,0.4329,1.0222,119.0,99955.71549465207,9.0
625,211123_LBT123_5dpi_Pos003,211123_LBT123_Pos003,18.0,480998.0,20.0,7200.0,LBT123,5,0.4329,0.4329,1.0222,120.0,92141.296498975,9.0
628,211123_LBT123_5dpi_Pos003,211123_LBT123_Pos003,21.0,448807.0,20.0,7260.0,LBT123,5,0.4329,0.4329,1.0222,121.0,85974.70022290212,9.0
631,211123_LBT123_5dpi_Pos004,211123_LBT123_Pos004,0.0,710588.0,20.0,6840.0,LBT123,5,0.4329,0.4329,1.0184,114.0,135616.15634547424,11.0
634,211123_LBT123_5dpi_Pos004,211123_LBT123_Pos004,3.0,754416.0,20.0,6900.0,LBT123,5,0.4329,0.4329,1.0184,115.0,143980.7570709431,11.0
637,211123_LBT123_5dpi_Pos004,211123_LBT123_Pos004,6.0,787816.0,20.0,6960.0,LBT123,5,0.4329,0.4329,1.0184,116.0,150355.1675900327,11.0
640,211123_LBT123_5dpi_Pos004,211123_LBT123_Pos004,9.0,732289.0,20.0,7020.0,LBT123,5,0.4329,0.4329,1.0184,117.0,139757.80552735343,11.0
643,211123_LBT123_5dpi_Pos004,211123_LBT123_Pos004,12.0,599566.0,20.0,7080.0,LBT123,5,0.4329,0.4329,1.0184,118.0,114427.5394397747,9.0
646,211123_LBT123_5dpi_Pos004,211123_LBT123_Pos004,15.0,624985.0,20.0,7140.0,LBT123,5,0.4329,0.4329,1.0184,119.0,119278.77120578484,9.0
649,211123_LBT123_5dpi_Pos004,211123_LBT123_Pos004,18.0,522669.0,20.0,7200.0,LBT123,5,0.4329,0.4329,1.0184,120.0,99751.69974856412,9.0
652,211123_LBT123_5dpi_Pos004,211123_LBT123_Pos004,21.0,492728.0,20.0,7260.0,LBT123,5,0.4329,0.4329,1.0184,121.0,94037.44150449045,9.0
655,211123_LBT123_5dpi_Pos005,211123_LBT123_Pos005,0.0,258476.0,20.0,6840.0,LBT123,5,0.4329,0.4329,1.0222,114.0,49514.37168942295,11.0
658,211123_LBT123_5dpi_Pos005,211123_LBT123_Pos005,3.0,234733.0,20.0,6900.0,LBT123,5,0.4329,0.4329,1.0222,115.0,44966.097470454966,11.0
661,211123_LBT123_5dpi_Pos005,211123_LBT123_Pos005,6.0,192352.0,20.0,6960.0,LBT123,5,0.4329,0.4329,1.0222,116.0,36847.47683809671,11.0
664,211123_LBT123_5dpi_Pos005,211123_LBT123_Pos005,9.0,203592.0,20.0,7020.0,LBT123,5,0.4329,0.4329,1.0222,117.0,39000.64207505919,11.0
667,211123_LBT123_5dpi_Pos005,211123_LBT123_Pos005,12.0,196541.0,20.0,7080.0,LBT123,5,0.4329,0.4329,1.0222,118.0,37649.93317062658,9.0
670,211123_LBT123_5dpi_Pos005,211123_LBT123_Pos005,15.0,166110.0,20.0,7140.0,LBT123,5,0.4329,0.4329,1.0222,119.0,31820.48732311722,9.0
673,211123_LBT123_5dpi_Pos005,211123_LBT123_Pos005,18.0,166744.0,20.0,7200.0,LBT123,5,0.4329,0.4329,1.0222,120.0,31941.938102497486,9.0
676,211123_LBT123_5dpi_Pos005,211123_LBT123_Pos005,21.0,166911.0,20.0,7260.0,LBT123,5,0.4329,0.4329,1.0222,121.0,31973.929080662325,9.0
679,211123_LBT123_5dpi_Pos006,211123_LBT123_Pos006,0.0,949238.0,20.0,6840.0,LBT123,5,0.4329,0.4329,1.0222,114.0,181838.6355163515,11.0
682,211123_LBT123_5dpi_Pos006,211123_LBT123_Pos006,3.0,933137.0,20.0,6900.0,LBT123,5,0.4329,0.4329,1.0222,115.0,178754.28378322575,11.0
685,211123_LBT123_5dpi_Pos006,211123_LBT123_Pos006,6.0,886893.0,20.0,6960.0,LBT123,5,0.4329,0.4329,1.0222,116.0,169895.6562727193,11.0
688,211123_LBT123_5dpi_Pos006,211123_LBT123_Pos006,9.0,797957.0,20.0,7020.0,LBT123,5,0.4329,0.4329,1.0222,117.0,152858.8321166254,11.0
689,211130_BT569_5dpi_Pos002,211130_BT569_Pos002,0.0,946311.0,20.0,6840.0,BT569,5,0.4329,0.4329,1.0222,114.0,181277.9313661211,11.0
692,211130_BT569_5dpi_Pos002,211130_BT569_Pos002,3.0,788009.0,20.0,6900.0,BT569,5,0.4329,0.4329,1.0222,115.0,150953.16594426753,11.0
695,211130_BT569_5dpi_Pos002,211130_BT569_Pos002,6.0,769682.0,20.0,6960.0,BT569,5,0.4329,0.4329,1.0222,116.0,147442.39554410634,11.0
698,211130_BT569_5dpi_Pos002,211130_BT569_Pos002,9.0,882460.0,20.0,7020.0,BT569,5,0.4329,0.4329,1.0222,117.0,169046.45863077493,11.0
701,211130_BT569_5dpi_Pos002,211130_BT569_Pos002,12.0,925767.0,20.0,7080.0,BT569,5,0.4329,0.4329,1.0222,118.0,177342.46636361603,11.0
704,211130_BT569_5dpi_Pos002,211130_BT569_Pos002,15.0,956066.0,20.0,7140.0,BT569,5,0.4329,0.4329,1.0222,119.0,183146.62592898312,11.0
707,211130_BT569_5dpi_Pos002,211130_BT569_Pos002,18.0,901414.0,20.0,7200.0,BT569,5,0.4329,0.4329,1.0222,120.0,172677.33887111183,11.0
710,211130_BT569_5dpi_Pos002,211130_BT569_Pos002,21.0,925478.0,20.0,7260.0,BT569,5,0.4329,0.4329,1.0222,121.0,177287.10473074394,11.0
713,211130_BT569_5dpi_Pos003,211130_BT569_Pos003,0.0,671761.0,20.0,6840.0,BT569,5,0.4329,0.4329,1.0184,114.0,128205.99954233978,11.0
716,211130_BT569_5dpi_Pos003,211130_BT569_Pos003,3.0,616739.0,20.0,6900.0,BT569,5,0.4329,0.4329,1.0184,115.0,117705.01703990424,11.0
719,211130_BT569_5dpi_Pos003,211130_BT569_Pos003,6.0,530949.0,20.0,6960.0,BT569,5,0.4329,0.4329,1.0184,116.0,101331.94283533246,11.0
722,211130_BT569_5dpi_Pos003,211130_BT569_Pos003,9.0,539273.0,20.0,7020.0,BT569,5,0.4329,0.4329,1.0184,117.0,102920.5833491319,11.0
725,211130_BT569_5dpi_Pos003,211130_BT569_Pos003,12.0,532544.0,20.0,7080.0,BT569,5,0.4329,0.4329,1.0184,118.0,101636.34956521112,11.0
728,211130_BT569_5dpi_Pos003,211130_BT569_Pos003,15.0,523251.0,20.0,7140.0,BT569,5,0.4329,0.4329,1.0184,119.0,99862.77480611234,11.0
731,211130_BT569_5dpi_Pos003,211130_BT569_Pos003,18.0,539799.0,20.0,7200.0,BT569,5,0.4329,0.4329,1.0184,120.0,103020.97077227684,11.0
734,211130_BT569_5dpi_Pos003,211130_BT569_Pos003,21.0,621569.0,20.0,7260.0,BT569,5,0.4329,0.4329,1.0184,121.0,118626.82550718571,11.0
737,211130_BT569_5dpi_Pos004,211130_BT569_Pos004,0.0,1108908.0,20.0,6840.0,BT569,5,0.4329,0.4329,1.0222,114.0,212425.4587713158,11.0
740,211130_BT569_5dpi_Pos004,211130_BT569_Pos004,3.0,1054070.0,20.0,6900.0,BT569,5,0.4329,0.4329,1.0222,115.0,201920.54104315312,11.0
743,211130_BT569_5dpi_Pos004,211130_BT569_Pos004,6.0,1034987.0,20.0,6960.0,BT569,5,0.4329,0.4329,1.0222,116.0,198264.9492089045,11.0
746,211130_BT569_5dpi_Pos004,211130_BT569_Pos004,9.0,1068808.0,20.0,7020.0,BT569,5,0.4329,0.4329,1.0222,117.0,204743.79275688564,11.0
749,211130_BT569_5dpi_Pos004,211130_BT569_Pos004,12.0,1076459.0,20.0,7080.0,BT569,5,0.4329,0.4329,1.0222,118.0,206209.43930741944,11.0
752,211130_BT569_5dpi_Pos004,211130_BT569_Pos004,15.0,1094699.0,20.0,7140.0,BT569,5,0.4329,0.4329,1.0222,119.0,209703.5437488959,11.0
755,211130_BT569_5dpi_Pos004,211130_BT569_Pos004,18.0,1088026.0,20.0,7200.0,BT569,5,0.4329,0.4329,1.0222,120.0,208425.2455615071,11.0
758,211130_BT569_5dpi_Pos004,211130_BT569_Pos004,21.0,1070891.0,20.0,7260.0,BT569,5,0.4329,0.4329,1.0222,121.0,205142.8179516003,11.0
761,211130_BT569_5dpi_Pos005,211130_BT569_Pos005,0.0,1136806.0,20.0,6840.0,BT569,5,0.4329,0.4329,1.0222,114.0,217769.67618953463,11.0
764,211130_BT569_5dpi_Pos005,211130_BT569_Pos005,3.0,1027278.0,20.0,6900.0,BT569,5,0.4329,0.4329,1.0222,115.0,196788.1920192476,11.0
767,211130_BT569_5dpi_Pos005,211130_BT569_Pos005,6.0,903919.0,20.0,6960.0,BT569,5,0.4329,0.4329,1.0222,116.0,173157.20354358433,11.0
770,211130_BT569_5dpi_Pos005,211130_BT569_Pos005,9.0,914855.0,20.0,7020.0,BT569,5,0.4329,0.4329,1.0222,117.0,175252.1337065222,11.0
773,211130_BT569_5dpi_Pos005,211130_BT569_Pos005,12.0,937335.0,20.0,7080.0,BT569,5,0.4329,0.4329,1.0222,118.0,179558.4641804472,11.0
776,211130_BT569_5dpi_Pos005,211130_BT569_Pos005,15.0,926831.0,20.0,7140.0,BT569,5,0.4329,0.4329,1.0222,119.0,177546.28912270218,11.0
779,211130_BT569_5dpi_Pos005,211130_BT569_Pos005,18.0,825239.0,20.0,7200.0,BT569,5,0.4329,0.4329,1.0222,120.0,158085.046884847,11.0
782,211130_BT569_5dpi_Pos005,211130_BT569_Pos005,21.0,832307.0,20.0,7260.0,BT569,5,0.4329,0.4329,1.0222,121.0,159439.0123559191,11.0
785,211130_BT569_5dpi_Pos006,211130_BT569_Pos006,0.0,1461504.0,20.0,6840.0,BT569,5,0.4329,0.4329,1.0222,114.0,279969.71587914706,11.0
788,211130_BT569_5dpi_Pos006,211130_BT569_Pos006,3.0,1407798.0,20.0,6900.0,BT569,5,0.4329,0.4329,1.0222,115.0,269681.6471766286,11.0
791,211130_BT569_5dpi_Pos006,211130_BT569_Pos006,6.0,1333453.0,20.0,6960.0,BT569,5,0.4329,0.4329,1.0222,116.0,255439.91501097244,11.0
794,211130_BT569_5dpi_Pos006,211130_BT569_Pos006,9.0,1345071.0,20.0,7020.0,BT569,5,0.4329,0.4329,1.0222,117.0,257665.49096497864,11.0
797,211130_BT569_5dpi_Pos006,211130_BT569_Pos006,12.0,1353879.0,20.0,7080.0,BT569,5,0.4329,0.4329,1.0222,118.0,259352.77560974425,11.0
800,211130_BT569_5dpi_Pos006,211130_BT569_Pos006,15.0,1344227.0,20.0,7140.0,BT569,5,0.4329,0.4329,1.0222,119.0,257503.8120094629,11.0
803,211130_BT569_5dpi_Pos006,211130_BT569_Pos006,18.0,1304015.0,20.0,7200.0,BT569,5,0.4329,0.4329,1.0222,120.0,249800.6909677605,11.0
806,211130_BT569_5dpi_Pos006,211130_BT569_Pos006,21.0,1266647.0,20.0,7260.0,BT569,5,0.4329,0.4329,1.0222,121.0,242642.3743685778,11.0
809,211207_BT569_5dpi_Pos001,211207_BT569_Pos001,0.0,1285322.0,20.0,6840.0,BT569,5,0.4329,0.4329,1.0222,114.0,246219.80860347764,11.0
812,211207_BT569_5dpi_Pos001,211207_BT569_Pos001,3.0,1306563.0,20.0,6900.0,BT569,5,0.4329,0.4329,1.0222,115.0,250288.7928382037,11.0
815,211207_BT569_5dpi_Pos001,211207_BT569_Pos001,6.0,1277517.0,20.0,6960.0,BT569,5,0.4329,0.4329,1.0222,116.0,244724.66139044453,11.0
818,211207_BT569_5dpi_Pos001,211207_BT569_Pos001,9.0,1241683.0,20.0,7020.0,BT569,5,0.4329,0.4329,1.0222,117.0,237860.2020397939,11.0
821,211207_BT569_5dpi_Pos001,211207_BT569_Pos001,12.0,1325983.0,20.0,7080.0,BT569,5,0.4329,0.4329,1.0222,118.0,254008.94131701248,11.0
824,211207_BT569_5dpi_Pos001,211207_BT569_Pos001,15.0,1282893.0,20.0,7140.0,BT569,5,0.4329,0.4329,1.0222,119.0,245754.5026995113,11.0
827,211207_BT569_5dpi_Pos001,211207_BT569_Pos001,18.0,1238050.0,20.0,7200.0,BT569,5,0.4329,0.4329,1.0222,120.0,237164.2545926511,11.0
830,211207_BT569_5dpi_Pos001,211207_BT569_Pos001,21.0,1219425.0,20.0,7260.0,BT569,5,0.4329,0.4329,1.0222,121.0,233596.3984949264,11.0
833,211207_BT569_5dpi_Pos002,211207_BT569_Pos002,0.0,368684.0,20.0,6840.0,BT569,5,0.4329,0.4329,1.0184,114.0,70363.5678988033,11.0
836,211207_BT569_5dpi_Pos002,211207_BT569_Pos002,3.0,340792.0,20.0,6900.0,BT569,5,0.4329,0.4329,1.0184,115.0,65040.36256352045,11.0
839,211207_BT569_5dpi_Pos002,211207_BT569_Pos002,6.0,373746.0,20.0,6960.0,BT569,5,0.4329,0.4329,1.0184,116.0,71329.65370861263,11.0
842,211207_BT569_5dpi_Pos002,211207_BT569_Pos002,9.0,391361.0,20.0,7020.0,BT569,5,0.4329,0.4329,1.0184,117.0,74691.48728028218,11.0
845,211207_BT569_5dpi_Pos002,211207_BT569_Pos002,12.0,409058.0,20.0,7080.0,BT569,5,0.4329,0.4329,1.0184,118.0,78068.97060232796,11.0
848,211207_BT569_5dpi_Pos002,211207_BT569_Pos002,15.0,464599.0,20.0,7140.0,BT569,5,0.4329,0.4329,1.0184,119.0,88669.00457360805,11.0
851,211207_BT569_5dpi_Pos002,211207_BT569_Pos002,18.0,365569.0,20.0,7200.0,BT569,5,0.4329,0.4329,1.0184,120.0,69769.06823512174,11.0
854,211207_BT569_5dpi_Pos002,211207_BT569_Pos002,21.0,416006.0,20.0,7260.0,BT569,5,0.4329,0.4329,1.0184,121.0,79395.00067079006,11.0
857,211207_BT569_5dpi_Pos003,211207_BT569_Pos003,0.0,474310.0,20.0,6840.0,BT569,5,0.4329,0.4329,1.0184,114.0,90522.35488950265,11.0
860,211207_BT569_5dpi_Pos003,211207_BT569_Pos003,3.0,430899.0,20.0,6900.0,BT569,5,0.4329,0.4329,1.0184,115.0,82237.33887021526,11.0
863,211207_BT569_5dpi_Pos003,211207_BT569_Pos003,6.0,251672.0,20.0,6960.0,BT569,5,0.4329,0.4329,1.0184,116.0,48031.75581318317,11.0
866,211207_BT569_5dpi_Pos003,211207_BT569_Pos003,9.0,297688.0,20.0,7020.0,BT569,5,0.4329,0.4329,1.0184,117.0,56813.93768283667,11.0
869,211207_BT569_5dpi_Pos003,211207_BT569_Pos003,12.0,387575.0,20.0,7080.0,BT569,5,0.4329,0.4329,1.0184,118.0,73968.92685437581,11.0
872,211207_BT569_5dpi_Pos003,211207_BT569_Pos003,15.0,380845.0,20.0,7140.0,BT569,5,0.4329,0.4329,1.0184,119.0,72684.50221984068,11.0
875,211207_BT569_5dpi_Pos003,211207_BT569_Pos003,18.0,340929.0,20.0,7200.0,BT569,5,0.4329,0.4329,1.0184,120.0,65066.50909768557,11.0
878,211207_BT569_5dpi_Pos003,211207_BT569_Pos003,21.0,358541.0,20.0,7260.0,BT569,5,0.4329,0.4329,1.0184,121.0,68427.7701175121,11.0
881,211207_BT569_5dpi_Pos004,211207_BT569_Pos004,0.0,739395.0,20.0,6840.0,BT569,5,0.4329,0.4329,1.0184,114.0,141113.98999288186,11.0
884,211207_BT569_5dpi_Pos004,211207_BT569_Pos004,3.0,793115.0,20.0,6900.0,BT569,5,0.4329,0.4329,1.0184,115.0,151366.48499544157,11.0
887,211207_BT569_5dpi_Pos004,211207_BT569_Pos004,6.0,785960.0,20.0,6960.0,BT569,5,0.4329,0.4329,1.0184,116.0,150000.94884981023,11.0
890,211207_BT569_5dpi_Pos004,211207_BT569_Pos004,9.0,776117.0,20.0,7020.0,BT569,5,0.4329,0.4329,1.0184,117.0,148122.40625282226,11.0
893,211207_BT569_5dpi_Pos004,211207_BT569_Pos004,12.0,651164.0,20.0,7080.0,BT569,5,0.4329,0.4329,1.0184,118.0,124275.0494386964,11.0
896,211207_BT569_5dpi_Pos004,211207_BT569_Pos004,15.0,613648.0,20.0,7140.0,BT569,5,0.4329,0.4329,1.0184,119.0,117115.0977909669,11.0
899,211207_BT569_5dpi_Pos004,211207_BT569_Pos004,18.0,543305.0,20.0,7200.0,BT569,5,0.4329,0.4329,1.0184,120.0,103690.09302616691,11.0
902,211207_BT569_5dpi_Pos004,211207_BT569_Pos004,21.0,432385.0,20.0,7260.0,BT569,5,0.4329,0.4329,1.0184,121.0,82520.94288313045,11.0
905,211207_BT569_5dpi_Pos005,211207_BT569_Pos005,0.0,1155089.0,20.0,6840.0,BT569,5,0.4329,0.4329,1.0222,114.0,221272.01782898168,11.0
908,211207_BT569_5dpi_Pos005,211207_BT569_Pos005,3.0,1118733.0,20.0,6900.0,BT569,5,0.4329,0.4329,1.0222,115.0,214307.56272622297,11.0
911,211207_BT569_5dpi_Pos005,211207_BT569_Pos005,6.0,1050529.0,20.0,6960.0,BT569,5,0.4329,0.4329,1.0222,116.0,201242.2173684126,11.0
914,211207_BT569_5dpi_Pos005,211207_BT569_Pos005,9.0,1047909.0,20.0,7020.0,BT569,5,0.4329,0.4329,1.0222,117.0,200740.3229804373,11.0
917,211207_BT569_5dpi_Pos005,211207_BT569_Pos005,12.0,900184.0,20.0,7080.0,BT569,5,0.4329,0.4329,1.0222,118.0,172441.7166966044,11.0
920,211207_BT569_5dpi_Pos005,211207_BT569_Pos005,15.0,804719.0,20.0,7140.0,BT569,5,0.4329,0.4329,1.0222,119.0,154154.17938818593,11.0
923,211207_BT569_5dpi_Pos005,211207_BT569_Pos005,18.0,771502.0,20.0,7200.0,BT569,5,0.4329,0.4329,1.0222,120.0,147791.03973728002,11.0
926,211207_BT569_5dpi_Pos005,211207_BT569_Pos005,21.0,654598.0,20.0,7260.0,BT569,5,0.4329,0.4329,1.0222,121.0,125396.5887709222,11.0
929,211207_BT569_5dpi_Pos006,211207_BT569_Pos006,0.0,744052.0,20.0,6840.0,BT569,5,0.4329,0.4329,1.0184,114.0,142002.78130388187,11.0
932,211207_BT569_5dpi_Pos006,211207_BT569_Pos006,3.0,823709.0,20.0,6900.0,BT569,5,0.4329,0.4329,1.0184,115.0,157205.3686906819,11.0
935,211207_BT569_5dpi_Pos006,211207_BT569_Pos006,6.0,778686.0,20.0,6960.0,BT569,5,0.4329,0.4329,1.0184,116.0,148612.70148107197,11.0
938,211207_BT569_5dpi_Pos006,211207_BT569_Pos006,9.0,777962.0,20.0,7020.0,BT569,5,0.4329,0.4329,1.0184,117.0,148474.52563628694,11.0
941,211207_BT569_5dpi_Pos006,211207_BT569_Pos006,12.0,762720.0,20.0,7080.0,BT569,5,0.4329,0.4329,1.0184,118.0,145565.58057245568,11.0
944,211207_BT569_5dpi_Pos006,211207_BT569_Pos006,15.0,818137.0,20.0,7140.0,BT569,5,0.4329,0.4329,1.0184,119.0,156141.94906755714,11.0
947,211207_BT569_5dpi_Pos006,211207_BT569_Pos006,18.0,829933.0,20.0,7200.0,BT569,5,0.4329,0.4329,1.0184,120.0,158393.22291435895,11.0
950,211207_BT569_5dpi_Pos006,211207_BT569_Pos006,21.0,789766.0,20.0,7260.0,BT569,5,0.4329,0.4329,1.0184,121.0,150727.3262880035,11.0
953,211214_LBT123_5dpi_Pos001,211214_LBT123_Pos001,0.0,459706.0,20.0,6840.0,LBT123,5,0.4329,0.4329,1.0222,114.0,88062.54256433042,11.0
956,211214_LBT123_5dpi_Pos001,211214_LBT123_Pos001,3.0,576824.0,20.0,6900.0,LBT123,5,0.4329,0.4329,1.0222,115.0,110497.98795779764,11.0
959,211214_LBT123_5dpi_Pos001,211214_LBT123_Pos001,6.0,579881.0,20.0,6960.0,LBT123,5,0.4329,0.4329,1.0222,116.0,111083.59526468326,11.0
962,211214_LBT123_5dpi_Pos001,211214_LBT123_Pos001,9.0,644863.0,20.0,7020.0,LBT123,5,0.4329,0.4329,1.0222,117.0,123531.72546293023,11.0
965,211214_LBT123_5dpi_Pos001,211214_LBT123_Pos001,12.0,667129.0,20.0,7080.0,LBT123,5,0.4329,0.4329,1.0222,118.0,127797.06150974576,9.0
968,211214_LBT123_5dpi_Pos001,211214_LBT123_Pos001,15.0,568707.0,20.0,7140.0,LBT123,5,0.4329,0.4329,1.0222,119.0,108943.07316879192,9.0
971,211214_LBT123_5dpi_Pos001,211214_LBT123_Pos001,18.0,572149.0,20.0,7200.0,LBT123,5,0.4329,0.4329,1.0222,120.0,109602.4321319258,9.0
974,211214_LBT123_5dpi_Pos001,211214_LBT123_Pos001,21.0,538203.0,20.0,7260.0,LBT123,5,0.4329,0.4329,1.0222,121.0,103099.64324100692,9.0
977,211214_LBT123_5dpi_Pos002,211214_LBT123_Pos002,0.0,432162.0,20.0,6840.0,LBT123,5,0.4329,0.4329,1.0184,114.0,82478.38319613173,11.0
980,211214_LBT123_5dpi_Pos002,211214_LBT123_Pos002,3.0,474271.0,20.0,6900.0,LBT123,5,0.4329,0.4329,1.0184,115.0,90514.91171554322,11.0
983,211214_LBT123_5dpi_Pos002,211214_LBT123_Pos002,6.0,488215.0,20.0,6960.0,LBT123,5,0.4329,0.4329,1.0184,116.0,93176.13268195596,11.0
986,211214_LBT123_5dpi_Pos002,211214_LBT123_Pos002,9.0,530410.0,20.0,7020.0,LBT123,5,0.4329,0.4329,1.0184,117.0,101229.07435420105,11.0
989,211214_LBT123_5dpi_Pos002,211214_LBT123_Pos002,12.0,688237.0,20.0,7080.0,LBT123,5,0.4329,0.4329,1.0184,118.0,131350.4542642715,9.0
992,211214_LBT123_5dpi_Pos002,211214_LBT123_Pos002,15.0,860352.0,20.0,7140.0,LBT123,5,0.4329,0.4329,1.0184,119.0,164198.70775208907,9.0
995,211214_LBT123_5dpi_Pos002,211214_LBT123_Pos002,18.0,969247.0,20.0,7200.0,LBT123,5,0.4329,0.4329,1.0184,120.0,184981.38540107897,9.0
998,211214_LBT123_5dpi_Pos002,211214_LBT123_Pos002,21.0,1024032.0,20.0,7260.0,LBT123,5,0.4329,0.4329,1.0184,121.0,195437.13630791503,9.0
1001,211214_LBT123_5dpi_Pos003,211214_LBT123_Pos003,0.0,2499764.0,20.0,6840.0,LBT123,5,0.4329,0.4329,1.0184,114.0,477081.4951150149,11.0
1004,211214_LBT123_5dpi_Pos003,211214_LBT123_Pos003,3.0,2707644.0,20.0,6900.0,LBT123,5,0.4329,0.4329,1.0184,115.0,516755.5208248455,11.0
1007,211214_LBT123_5dpi_Pos003,211214_LBT123_Pos003,6.0,2873876.0,20.0,6960.0,LBT123,5,0.4329,0.4329,1.0184,116.0,548481.0001484774,11.0
1010,211214_LBT123_5dpi_Pos003,211214_LBT123_Pos003,9.0,2957168.0,20.0,7020.0,LBT123,5,0.4329,0.4329,1.0184,117.0,564377.3295184178,11.0
1013,211214_LBT123_5dpi_Pos003,211214_LBT123_Pos003,12.0,3026929.0,20.0,7080.0,LBT123,5,0.4329,0.4329,1.0184,118.0,577691.2592256697,9.0
1016,211214_LBT123_5dpi_Pos003,211214_LBT123_Pos003,15.0,3069126.0,20.0,7140.0,LBT123,5,0.4329,0.4329,1.0184,119.0,585744.5825991434,9.0
1019,211214_LBT123_5dpi_Pos003,211214_LBT123_Pos003,18.0,3054918.0,20.0,7200.0,LBT123,5,0.4329,0.4329,1.0184,120.0,583032.9770705438,9.0
1022,211214_LBT123_5dpi_Pos003,211214_LBT123_Pos003,21.0,3034610.0,20.0,7260.0,LBT123,5,0.4329,0.4329,1.0184,121.0,579157.1827944459,9.0
1025,211214_LBT123_5dpi_Pos004,211214_LBT123_Pos004,0.0,789403.0,20.0,6840.0,LBT123,5,0.4329,0.4329,1.0184,114.0,150658.04751499664,11.0
1028,211214_LBT123_5dpi_Pos004,211214_LBT123_Pos004,3.0,855701.0,20.0,6900.0,LBT123,5,0.4329,0.4329,1.0184,115.0,163311.06154477515,11.0
1031,211214_LBT123_5dpi_Pos004,211214_LBT123_Pos004,6.0,895305.0,20.0,6960.0,LBT123,5,0.4329,0.4329,1.0184,116.0,170869.50927525494,11.0
1034,211214_LBT123_5dpi_Pos004,211214_LBT123_Pos004,9.0,866020.0,20.0,7020.0,LBT123,5,0.4329,0.4329,1.0184,117.0,165280.4490341909,11.0
1035,211214_LBT123_5dpi_Pos005,211214_LBT123_Pos005,0.0,1364339.0,20.0,6840.0,LBT123,5,0.4329,0.4329,1.0222,114.0,261356.5219067752,11.0
1038,211214_LBT123_5dpi_Pos005,211214_LBT123_Pos005,3.0,1371847.0,20.0,6900.0,LBT123,5,0.4329,0.4329,1.0222,115.0,262794.7749849882,11.0
1041,211214_LBT123_5dpi_Pos005,211214_LBT123_Pos005,6.0,1305695.0,20.0,6960.0,LBT123,5,0.4329,0.4329,1.0222,116.0,250122.51637684388,11.0
1044,211214_LBT123_5dpi_Pos005,211214_LBT123_Pos005,9.0,1320497.0,20.0,7020.0,LBT123,5,0.4329,0.4329,1.0222,117.0,252958.0281061605,11.0
1047,211214_LBT123_5dpi_Pos005,211214_LBT123_Pos005,12.0,1311865.0,20.0,7080.0,LBT123,5,0.4329,0.4329,1.0222,118.0,251304.45850425123,9.0
1050,211214_LBT123_5dpi_Pos005,211214_LBT123_Pos005,15.0,1268863.0,20.0,7140.0,LBT123,5,0.4329,0.4329,1.0222,119.0,243066.87740817823,9.0
1053,211214_LBT123_5dpi_Pos005,211214_LBT123_Pos005,18.0,1275181.0,20.0,7200.0,LBT123,5,0.4329,0.4329,1.0222,120.0,244277.17082162388,9.0
1056,211214_LBT123_5dpi_Pos005,211214_LBT123_Pos005,21.0,1343348.0,20.0,7260.0,LBT123,5,0.4329,0.4329,1.0222,121.0,257335.4283579248,9.0
1059,211214_LBT123_5dpi_Pos006,211214_LBT123_Pos006,0.0,658509.0,20.0,6840.0,LBT123,5,0.4329,0.4329,1.0184,114.0,125676.84720105308,11.0
1062,211214_LBT123_5dpi_Pos006,211214_LBT123_Pos006,3.0,636306.0,20.0,6900.0,LBT123,5,0.4329,0.4329,1.0184,115.0,121439.39101077324,11.0
1065,211214_LBT123_5dpi_Pos006,211214_LBT123_Pos006,6.0,633394.0,20.0,6960.0,LBT123,5,0.4329,0.4329,1.0184,116.0,120883.63402180352,11.0
1068,211214_LBT123_5dpi_Pos006,211214_LBT123_Pos006,9.0,728547.0,20.0,7020.0,LBT123,5,0.4329,0.4329,1.0184,117.0,139043.64252847817,11.0
1071,211214_LBT123_5dpi_Pos006,211214_LBT123_Pos006,12.0,747110.0,20.0,7080.0,LBT123,5,0.4329,0.4329,1.0184,118.0,142586.40248254585,9.0
1074,211214_LBT123_5dpi_Pos006,211214_LBT123_Pos006,15.0,750421.0,20.0,7140.0,LBT123,5,0.4329,0.4329,1.0184,119.0,143218.3088666388,9.0
1077,211214_LBT123_5dpi_Pos006,211214_LBT123_Pos006,18.0,718312.0,20.0,7200.0,LBT123,5,0.4329,0.4329,1.0184,120.0,137090.28649066732,9.0
1080,211214_LBT123_5dpi_Pos006,211214_LBT123_Pos006,21.0,714983.0,20.0,7260.0,LBT123,5,0.4329,0.4329,1.0184,121.0,136454.94479551614,9.0
1083,220118_LBT003_5dpi_Pos001,220118_LBT003_Pos001,0.0,2533898.0,20.0,6840.0,LBT003,5,0.4329,0.4329,1.0184,114.0,483595.98998503294,18.0
1086,220118_LBT003_5dpi_Pos001,220118_LBT003_Pos001,3.0,2322710.0,20.0,6900.0,LBT003,5,0.4329,0.4329,1.0184,115.0,443290.6304429522,18.0
1089,220118_LBT003_5dpi_Pos001,220118_LBT003_Pos001,6.0,2209390.0,20.0,6960.0,LBT003,5,0.4329,0.4329,1.0184,116.0,421663.4388254901,16.0
1092,220118_LBT003_5dpi_Pos001,220118_LBT003_Pos001,9.0,2146979.0,20.0,7020.0,LBT003,5,0.4329,0.4329,1.0184,117.0,409752.2611336668,16.0
1095,220118_LBT003_5dpi_Pos001,220118_LBT003_Pos001,12.0,2043736.0,20.0,7080.0,LBT003,5,0.4329,0.4329,1.0184,118.0,390048.2711569492,12.0
1098,220118_LBT003_5dpi_Pos001,220118_LBT003_Pos001,15.0,2053706.0,20.0,7140.0,LBT003,5,0.4329,0.4329,1.0184,119.0,391951.0517819589,12.0
1101,220118_LBT003_5dpi_Pos001,220118_LBT003_Pos001,18.0,2209939.0,20.0,7200.0,LBT003,5,0.4329,0.4329,1.0184,120.0,421768.21581276506,11.0
1104,220118_LBT003_5dpi_Pos001,220118_LBT003_Pos001,21.0,2342520.0,20.0,7260.0,LBT003,5,0.4329,0.4329,1.0184,121.0,447071.3811131069,11.0
1107,220118_LBT003_5dpi_Pos002,220118_LBT003_Pos002,0.0,2318038.0,20.0,6840.0,LBT003,5,0.4329,0.4329,1.0184,114.0,442398.9763727371,18.0
1110,220118_LBT003_5dpi_Pos002,220118_LBT003_Pos002,3.0,2002138.0,20.0,6900.0,LBT003,5,0.4329,0.4329,1.0184,115.0,382109.2673014675,18.0
1113,220118_LBT003_5dpi_Pos002,220118_LBT003_Pos002,6.0,1823426.0,20.0,6960.0,LBT003,5,0.4329,0.4329,1.0184,116.0,348001.9723108225,16.0
1116,220118_LBT003_5dpi_Pos002,220118_LBT003_Pos002,9.0,1822420.0,20.0,7020.0,LBT003,5,0.4329,0.4329,1.0184,117.0,347809.9765927925,16.0
1119,220118_LBT003_5dpi_Pos002,220118_LBT003_Pos002,12.0,1788936.0,20.0,7080.0,LBT003,5,0.4329,0.4329,1.0184,118.0,341419.534622098,12.0
1122,220118_LBT003_5dpi_Pos002,220118_LBT003_Pos002,15.0,1789400.0,20.0,7140.0,LBT003,5,0.4329,0.4329,1.0184,119.0,341508.0893071536,12.0
1125,220118_LBT003_5dpi_Pos002,220118_LBT003_Pos002,18.0,1854844.0,20.0,7200.0,LBT003,5,0.4329,0.4329,1.0184,120.0,353998.1169122823,11.0
1128,220118_LBT003_5dpi_Pos002,220118_LBT003_Pos002,21.0,1792233.0,20.0,7260.0,LBT003,5,0.4329,0.4329,1.0184,121.0,342048.7690975902,11.0
1131,220118_LBT003_5dpi_Pos003,220118_LBT003_Pos003,0.0,3641009.0,20.0,6840.0,LBT003,5,0.4329,0.4329,1.0184,114.0,694888.804482033,18.0
1134,220118_LBT003_5dpi_Pos003,220118_LBT003_Pos003,3.0,3897743.0,20.0,6900.0,LBT003,5,0.4329,0.4329,1.0184,115.0,743886.6461050257,18.0
1137,220118_LBT003_5dpi_Pos003,220118_LBT003_Pos003,6.0,3629714.0,20.0,6960.0,LBT003,5,0.4329,0.4329,1.0184,116.0,692733.1467930177,16.0
1140,220118_LBT003_5dpi_Pos003,220118_LBT003_Pos003,9.0,3539154.0,20.0,7020.0,LBT003,5,0.4329,0.4329,1.0184,117.0,675449.715158025,16.0
1143,220118_LBT003_5dpi_Pos003,220118_LBT003_Pos003,12.0,3727704.0,20.0,7080.0,LBT003,5,0.4329,0.4329,1.0184,118.0,711434.5984925862,12.0
1146,220118_LBT003_5dpi_Pos003,220118_LBT003_Pos003,15.0,3845224.0,20.0,7140.0,LBT003,5,0.4329,0.4329,1.0184,119.0,733863.362690293,12.0
1149,220118_LBT003_5dpi_Pos003,220118_LBT003_Pos003,18.0,3872210.0,20.0,7200.0,LBT003,5,0.4329,0.4329,1.0184,120.0,739013.6573689802,11.0
1152,220118_LBT003_5dpi_Pos003,220118_LBT003_Pos003,21.0,3783651.0,20.0,7260.0,LBT003,5,0.4329,0.4329,1.0184,121.0,722112.1178132899,11.0
1155,220118_LBT003_5dpi_Pos004,220118_LBT003_Pos004,0.0,2057440.0,20.0,6840.0,LBT003,5,0.4329,0.4329,1.0184,114.0,392663.6879759194,18.0
1158,220118_LBT003_5dpi_Pos004,220118_LBT003_Pos004,3.0,2007348.0,20.0,6900.0,LBT003,5,0.4329,0.4329,1.0184,115.0,383103.5990021998,18.0
1161,220118_LBT003_5dpi_Pos004,220118_LBT003_Pos004,6.0,1690067.0,20.0,6960.0,LBT003,5,0.4329,0.4329,1.0184,116.0,322550.32523252105,16.0
1164,220118_LBT003_5dpi_Pos004,220118_LBT003_Pos004,9.0,1755236.0,20.0,7020.0,LBT003,5,0.4329,0.4329,1.0184,117.0,334987.8689187052,16.0
1167,220118_LBT003_5dpi_Pos004,220118_LBT003_Pos004,12.0,1847341.0,20.0,7080.0,LBT003,5,0.4329,0.4329,1.0184,118.0,352566.1647528593,12.0
1170,220118_LBT003_5dpi_Pos004,220118_LBT003_Pos004,15.0,1790338.0,20.0,7140.0,LBT003,5,0.4329,0.4329,1.0184,119.0,341687.1071834082,12.0
1173,220118_LBT003_5dpi_Pos004,220118_LBT003_Pos004,18.0,1993916.0,20.0,7200.0,LBT003,5,0.4329,0.4329,1.0184,120.0,380540.09355033113,11.0
1176,220118_LBT003_5dpi_Pos004,220118_LBT003_Pos004,21.0,1908084.0,20.0,7260.0,LBT003,5,0.4329,0.4329,1.0184,121.0,364159.0036199569,11.0
1179,220208_BT333_5dpi_Pos001,220208_BT333_Pos001,0.0,511204.0,20.0,6840.0,BT333,5,0.4329,0.4329,1.0184,114.0,97563.59745511018,10.0
1182,220208_BT333_5dpi_Pos001,220208_BT333_Pos001,3.0,472441.0,20.0,6900.0,BT333,5,0.4329,0.4329,1.0184,115.0,90165.65509129372,10.0
1185,220208_BT333_5dpi_Pos001,220208_BT333_Pos001,6.0,492230.0,20.0,6960.0,BT333,5,0.4329,0.4329,1.0184,116.0,93942.39789854712,10.0
1188,220208_BT333_5dpi_Pos001,220208_BT333_Pos001,9.0,540127.0,20.0,7020.0,BT333,5,0.4329,0.4329,1.0184,117.0,103083.5697737817,10.0
1191,220208_BT333_5dpi_Pos001,220208_BT333_Pos001,12.0,549656.0,20.0,7080.0,BT333,5,0.4329,0.4329,1.0184,118.0,104902.18527786568,10.0
1194,220208_BT333_5dpi_Pos001,220208_BT333_Pos001,15.0,535201.0,20.0,7140.0,BT333,5,0.4329,0.4329,1.0184,119.0,102143.43964752316,10.0
1197,220208_BT333_5dpi_Pos001,220208_BT333_Pos001,18.0,489806.0,20.0,7200.0,BT333,5,0.4329,0.4329,1.0184,120.0,93479.77600937728,6.0
1200,220208_BT333_5dpi_Pos001,220208_BT333_Pos001,21.0,556293.0,20.0,7260.0,BT333,5,0.4329,0.4329,1.0184,121.0,106168.8608052668,6.0
1203,220208_BT333_5dpi_Pos002,220208_BT333_Pos002,0.0,778679.0,20.0,6840.0,BT333,5,0.4329,0.4329,1.0184,114.0,148611.36552677158,10.0
1206,220208_BT333_5dpi_Pos002,220208_BT333_Pos002,3.0,682906.0,20.0,6900.0,BT333,5,0.4329,0.4329,1.0184,115.0,130333.02963920364,10.0
1209,220208_BT333_5dpi_Pos002,220208_BT333_Pos002,6.0,678781.0,20.0,6960.0,BT333,5,0.4329,0.4329,1.0184,116.0,129545.77085503466,10.0
1212,220208_BT333_5dpi_Pos002,220208_BT333_Pos002,9.0,626852.0,20.0,7020.0,BT333,5,0.4329,0.4329,1.0184,117.0,119635.0893027651,10.0
1215,220208_BT333_5dpi_Pos002,220208_BT333_Pos002,12.0,710509.0,20.0,7080.0,BT333,5,0.4329,0.4329,1.0184,118.0,135601.0791469411,10.0
1218,220208_BT333_5dpi_Pos002,220208_BT333_Pos002,15.0,716153.0,20.0,7140.0,BT333,5,0.4329,0.4329,1.0184,119.0,136678.24001429864,10.0
1221,220208_BT333_5dpi_Pos002,220208_BT333_Pos002,18.0,813005.0,20.0,7200.0,BT333,5,0.4329,0.4329,1.0184,120.0,155162.5037147437,6.0
1224,220208_BT333_5dpi_Pos002,220208_BT333_Pos002,21.0,702526.0,20.0,7260.0,BT333,5,0.4329,0.4329,1.0184,121.0,134077.51869263293,6.0
1227,220208_BT333_5dpi_Pos003,220208_BT333_Pos003,0.0,889178.0,20.0,6840.0,BT333,5,0.4329,0.4329,1.0222,114.0,170333.37714162137,10.0
1230,220208_BT333_5dpi_Pos003,220208_BT333_Pos003,3.0,848946.0,20.0,6900.0,BT333,5,0.4329,0.4329,1.0222,115.0,162626.4248450489,10.0
1233,220208_BT333_5dpi_Pos003,220208_BT333_Pos003,6.0,945777.0,20.0,6960.0,BT333,5,0.4329,0.4329,1.0222,116.0,181175.63686109107,10.0
1236,220208_BT333_5dpi_Pos003,220208_BT333_Pos003,9.0,928224.0,20.0,7020.0,BT333,5,0.4329,0.4329,1.0222,117.0,177813.13602440045,10.0
1239,220208_BT333_5dpi_Pos003,220208_BT333_Pos003,12.0,965918.0,20.0,7080.0,BT333,5,0.4329,0.4329,1.0222,118.0,185033.90207796489,10.0
1242,220208_BT333_5dpi_Pos003,220208_BT333_Pos003,15.0,1019220.0,20.0,7140.0,BT333,5,0.4329,0.4329,1.0222,119.0,195244.57943210844,10.0
1245,220208_BT333_5dpi_Pos003,220208_BT333_Pos003,18.0,1020551.0,20.0,7200.0,BT333,5,0.4329,0.4329,1.0222,120.0,195499.5494437096,6.0
1248,220208_BT333_5dpi_Pos003,220208_BT333_Pos003,21.0,1023186.0,20.0,7260.0,BT333,5,0.4329,0.4329,1.0222,121.0,196004.31727283736,6.0
1251,220208_BT333_5dpi_Pos004,220208_BT333_Pos004,0.0,921241.0,20.0,6840.0,BT333,5,0.4329,0.4329,1.0222,114.0,176475.45338652597,10.0
1254,220208_BT333_5dpi_Pos004,220208_BT333_Pos004,3.0,1042875.0,20.0,6900.0,BT333,5,0.4329,0.4329,1.0222,115.0,199775.99612964824,10.0
1257,220208_BT333_5dpi_Pos004,220208_BT333_Pos004,6.0,924903.0,20.0,6960.0,BT333,5,0.4329,0.4329,1.0222,116.0,177176.9561532303,10.0
1260,220208_BT333_5dpi_Pos004,220208_BT333_Pos004,9.0,903230.0,20.0,7020.0,BT333,5,0.4329,0.4329,1.0222,117.0,173025.21681331148,10.0
1263,220208_BT333_5dpi_Pos004,220208_BT333_Pos004,12.0,900511.0,20.0,7080.0,BT333,5,0.4329,0.4329,1.0222,118.0,172504.35771372952,10.0
1266,220208_BT333_5dpi_Pos004,220208_BT333_Pos004,15.0,910466.0,20.0,7140.0,BT333,5,0.4329,0.4329,1.0222,119.0,174411.36482529194,10.0
1269,220208_BT333_5dpi_Pos004,220208_BT333_Pos004,18.0,882820.0,20.0,7200.0,BT333,5,0.4329,0.4329,1.0222,120.0,169115.42121843563,6.0
1272,220208_BT333_5dpi_Pos004,220208_BT333_Pos004,21.0,916030.0,20.0,7260.0,BT333,5,0.4329,0.4329,1.0222,121.0,175477.21993013707,6.0
1275,220208_BT333_5dpi_Pos005,220208_BT333_Pos005,0.0,442786.0,20.0,6840.0,BT333,5,0.4329,0.4329,1.0222,114.0,84821.30094427658,10.0
1278,220208_BT333_5dpi_Pos005,220208_BT333_Pos005,3.0,385720.0,20.0,6900.0,BT333,5,0.4329,0.4329,1.0222,115.0,73889.58142359143,10.0
1281,220208_BT333_5dpi_Pos005,220208_BT333_Pos005,6.0,423553.0,20.0,6960.0,BT333,5,0.4329,0.4329,1.0222,116.0,81136.97469850261,10.0
1284,220208_BT333_5dpi_Pos005,220208_BT333_Pos005,9.0,491611.0,20.0,7020.0,BT333,5,0.4329,0.4329,1.0222,117.0,94174.35189576172,10.0
1287,220208_BT333_5dpi_Pos005,220208_BT333_Pos005,12.0,468182.0,20.0,7080.0,BT333,5,0.4329,0.4329,1.0222,118.0,89686.22837825338,10.0
1290,220208_BT333_5dpi_Pos005,220208_BT333_Pos005,15.0,460154.0,20.0,7140.0,BT333,5,0.4329,0.4329,1.0222,119.0,88148.3626734193,10.0
1293,220208_BT333_5dpi_Pos005,220208_BT333_Pos005,18.0,459111.0,20.0,7200.0,BT333,5,0.4329,0.4329,1.0222,120.0,87948.56273194673,6.0
1296,220208_BT333_5dpi_Pos005,220208_BT333_Pos005,21.0,477283.0,20.0,7260.0,BT333,5,0.4329,0.4329,1.0222,121.0,91429.64090686508,6.0
1299,220208_BT333_5dpi_Pos006,220208_BT333_Pos006,0.0,1397088.0,20.0,6840.0,BT333,5,0.4329,0.4329,1.0184,114.0,266635.1030926303,10.0
1302,220208_BT333_5dpi_Pos006,220208_BT333_Pos006,3.0,1455889.0,20.0,6900.0,BT333,5,0.4329,0.4329,1.0184,115.0,277857.3100666718,10.0
1305,220208_BT333_5dpi_Pos006,220208_BT333_Pos006,6.0,1428092.0,20.0,6960.0,BT333,5,0.4329,0.4329,1.0184,116.0,272552.23553975165,10.0
1308,220208_BT333_5dpi_Pos006,220208_BT333_Pos006,9.0,1487662.0,20.0,7020.0,BT333,5,0.4329,0.4329,1.0184,117.0,283921.2066362237,10.0
1311,220208_BT333_5dpi_Pos006,220208_BT333_Pos006,12.0,1486225.0,20.0,7080.0,BT333,5,0.4329,0.4329,1.0184,118.0,283646.9543034114,10.0
1314,220208_BT333_5dpi_Pos006,220208_BT333_Pos006,15.0,1496032.0,20.0,7140.0,BT333,5,0.4329,0.4329,1.0184,119.0,285518.626278283,10.0
1317,220208_BT333_5dpi_Pos006,220208_BT333_Pos006,18.0,1555919.0,20.0,7200.0,BT333,5,0.4329,0.4329,1.0184,120.0,296948.09701950214,6.0
1320,220208_BT333_5dpi_Pos006,220208_BT333_Pos006,21.0,1503531.0,20.0,7260.0,BT333,5,0.4329,0.4329,1.0184,121.0,286949.81503524864,6.0
1323,220215_LBT003_5dpi_Pos002,220215_LBT003_Pos002,0.0,2019995.0,20.0,6840.0,LBT003,5,0.4329,0.4329,1.0222,114.0,386955.7840603225,18.0
1326,220215_LBT003_5dpi_Pos002,220215_LBT003_Pos002,3.0,1842765.0,20.0,6900.0,LBT003,5,0.4329,0.4329,1.0222,115.0,353005.119029463,18.0
1329,220215_LBT003_5dpi_Pos003,220215_LBT003_Pos003,0.0,1419472.0,20.0,6840.0,LBT003,5,0.4329,0.4329,1.0222,114.0,271917.9506442709,18.0
1332,220215_LBT003_5dpi_Pos003,220215_LBT003_Pos003,3.0,1155076.0,20.0,6900.0,LBT003,5,0.4329,0.4329,1.0222,115.0,221269.52751331613,18.0
1335,220215_LBT003_5dpi_Pos004,220215_LBT003_Pos004,0.0,1941082.0,20.0,6840.0,LBT003,5,0.4329,0.4329,1.0184,114.0,370456.6921920802,18.0
1338,220215_LBT003_5dpi_Pos004,220215_LBT003_Pos004,3.0,2046927.0,20.0,6900.0,LBT003,5,0.4329,0.4329,1.0184,115.0,390657.2754673209,18.0
1341,220215_LBT003_5dpi_Pos004,220215_LBT003_Pos004,6.0,1679285.0,20.0,6960.0,LBT003,5,0.4329,0.4329,1.0184,116.0,320492.573908664,16.0
1344,220215_LBT003_5dpi_Pos004,220215_LBT003_Pos004,9.0,1436644.0,20.0,7020.0,LBT003,5,0.4329,0.4329,1.0184,117.0,274184.3899936216,16.0
1347,220215_LBT003_5dpi_Pos004,220215_LBT003_Pos004,12.0,936430.0,20.0,7080.0,LBT003,5,0.4329,0.4329,1.0184,118.0,178718.24079015193,12.0
1350,220215_LBT003_5dpi_Pos004,220215_LBT003_Pos004,15.0,619288.0,20.0,7140.0,LBT003,5,0.4329,0.4329,1.0184,119.0,118191.49525586708,12.0
1351,220215_LBT003_5dpi_Pos005,220215_LBT003_Pos005,0.0,2092069.0,20.0,6840.0,LBT003,5,0.4329,0.4329,1.0222,114.0,400762.4772354857,18.0
1354,220215_LBT003_5dpi_Pos005,220215_LBT003_Pos005,3.0,2426788.0,20.0,6900.0,LBT003,5,0.4329,0.4329,1.0222,115.0,464882.1671777317,18.0
1357,220215_LBT003_5dpi_Pos005,220215_LBT003_Pos005,6.0,2468072.0,20.0,6960.0,LBT003,5,0.4329,0.4329,1.0222,116.0,472790.6434804681,16.0
1360,220215_LBT003_5dpi_Pos005,220215_LBT003_Pos005,9.0,2291907.0,20.0,7020.0,LBT003,5,0.4329,0.4329,1.0222,117.0,439043.9927714383,16.0
1363,220215_LBT003_5dpi_Pos005,220215_LBT003_Pos005,12.0,2217561.0,20.0,7080.0,LBT003,5,0.4329,0.4329,1.0222,118.0,424802.0690430387,12.0
1366,220215_LBT003_5dpi_Pos005,220215_LBT003_Pos005,15.0,2130034.0,20.0,7140.0,LBT003,5,0.4329,0.4329,1.0222,119.0,408035.1567925391,12.0
1369,220215_LBT003_5dpi_Pos005,220215_LBT003_Pos005,18.0,2197360.0,20.0,7200.0,LBT003,5,0.4329,0.4329,1.0222,120.0,420932.3100615547,11.0
1372,220215_LBT003_5dpi_Pos005,220215_LBT003_Pos005,21.0,2010580.0,20.0,7260.0,LBT003,5,0.4329,0.4329,1.0222,121.0,385152.2208302512,11.0
1375,220215_LBT003_5dpi_Pos006,220215_LBT003_Pos006,0.0,1779941.0,20.0,6840.0,LBT003,5,0.4329,0.4329,1.0184,114.0,339702.8333460737,18.0
1378,220215_LBT003_5dpi_Pos006,220215_LBT003_Pos006,3.0,1771179.0,20.0,6900.0,LBT003,5,0.4329,0.4329,1.0184,115.0,338030.6002631916,18.0
1381,220215_LBT003_5dpi_Pos006,220215_LBT003_Pos006,6.0,1778098.0,20.0,6960.0,LBT003,5,0.4329,0.4329,1.0184,116.0,339351.0956638377,16.0
1384,220215_LBT003_5dpi_Pos006,220215_LBT003_Pos006,9.0,1711903.0,20.0,7020.0,LBT003,5,0.4329,0.4329,1.0184,117.0,326717.73924733663,16.0
1387,220215_LBT003_5dpi_Pos006,220215_LBT003_Pos006,12.0,1709920.0,20.0,7080.0,LBT003,5,0.4329,0.4329,1.0184,118.0,326339.2824790925,12.0
1390,220215_LBT003_5dpi_Pos006,220215_LBT003_Pos006,15.0,1691924.0,20.0,7140.0,LBT003,5,0.4329,0.4329,1.0184,119.0,322904.73482335784,12.0
1393,220215_LBT003_5dpi_Pos006,220215_LBT003_Pos006,18.0,1673530.0,20.0,7200.0,LBT003,5,0.4329,0.4329,1.0184,120.0,319394.2286231143,11.0
1396,220215_LBT003_5dpi_Pos006,220215_LBT003_Pos006,21.0,1647193.0,20.0,7260.0,LBT003,5,0.4329,0.4329,1.0184,121.0,314367.7959931364,11.0
1399,220329_LBT003_5dpi_Pos001,220329_LBT003_Pos001,0.0,2288928.0,20.0,6840.0,LBT003,5,0.4329,0.4329,1.0222,114.0,438473.3273585459,18.0
1402,220329_LBT003_5dpi_Pos001,220329_LBT003_Pos001,3.0,2252840.0,20.0,6900.0,LBT003,5,0.4329,0.4329,1.0222,115.0,431560.2110710457,18.0
1405,220329_LBT003_5dpi_Pos001,220329_LBT003_Pos001,6.0,2570701.0,20.0,6960.0,LBT003,5,0.4329,0.4329,1.0222,116.0,492450.5362833349,16.0
1408,220329_LBT003_5dpi_Pos001,220329_LBT003_Pos001,9.0,2460481.0,20.0,7020.0,LBT003,5,0.4329,0.4329,1.0222,117.0,471336.49069454445,16.0
1411,220329_LBT003_5dpi_Pos001,220329_LBT003_Pos001,12.0,2589541.0,20.0,7080.0,LBT003,5,0.4329,0.4329,1.0222,118.0,496059.5783709126,12.0
1414,220329_LBT003_5dpi_Pos001,220329_LBT003_Pos001,15.0,2753712.0,20.0,7140.0,LBT003,5,0.4329,0.4329,1.0222,119.0,527508.6255343794,12.0
1417,220329_LBT003_5dpi_Pos001,220329_LBT003_Pos001,18.0,2750296.0,20.0,7200.0,LBT003,5,0.4329,0.4329,1.0222,120.0,526854.2472025766,11.0
1420,220329_LBT003_5dpi_Pos001,220329_LBT003_Pos001,21.0,2741867.0,20.0,7260.0,LBT003,5,0.4329,0.4329,1.0222,121.0,525239.5648375982,11.0
1423,220329_LBT003_5dpi_Pos002,220329_LBT003_Pos002,0.0,1100428.0,20.0,6840.0,LBT003,5,0.4329,0.4329,1.0222,114.0,210801.00670641888,18.0
1426,220329_LBT003_5dpi_Pos002,220329_LBT003_Pos002,3.0,966678.0,20.0,6900.0,LBT003,5,0.4329,0.4329,1.0222,115.0,185179.4897630264,18.0
1429,220329_LBT003_5dpi_Pos002,220329_LBT003_Pos002,6.0,875714.0,20.0,6960.0,LBT003,5,0.4329,0.4329,1.0222,116.0,167754.17636311043,16.0
1432,220329_LBT003_5dpi_Pos002,220329_LBT003_Pos002,9.0,915161.0,20.0,7020.0,LBT003,5,0.4329,0.4329,1.0222,117.0,175310.7519060338,16.0
1435,220329_LBT003_5dpi_Pos002,220329_LBT003_Pos002,12.0,997773.0,20.0,7080.0,LBT003,5,0.4329,0.4329,1.0222,118.0,191136.13327222105,12.0
1438,220329_LBT003_5dpi_Pos002,220329_LBT003_Pos002,15.0,1020563.0,20.0,7140.0,LBT003,5,0.4329,0.4329,1.0222,119.0,195501.8481966316,12.0
1441,220329_LBT003_5dpi_Pos002,220329_LBT003_Pos002,18.0,1045428.0,20.0,7200.0,LBT003,5,0.4329,0.4329,1.0222,120.0,200265.05581380887,11.0
1444,220329_LBT003_5dpi_Pos002,220329_LBT003_Pos002,21.0,1092734.0,20.0,7260.0,LBT003,5,0.4329,0.4329,1.0222,121.0,209327.1229579145,11.0
1447,220329_LBT003_5dpi_Pos003,220329_LBT003_Pos003,0.0,2601723.0,20.0,6840.0,LBT003,5,0.4329,0.4329,1.0184,114.0,496540.43290291465,18.0
1450,220329_LBT003_5dpi_Pos003,220329_LBT003_Pos003,3.0,2550826.0,20.0,6900.0,LBT003,5,0.4329,0.4329,1.0184,115.0,486826.7091846481,18.0
1453,220329_LBT003_5dpi_Pos003,220329_LBT003_Pos003,6.0,2919767.0,20.0,6960.0,LBT003,5,0.4329,0.4329,1.0184,116.0,557239.3256913378,16.0
1456,220329_LBT003_5dpi_Pos003,220329_LBT003_Pos003,9.0,2676546.0,20.0,7020.0,LBT003,5,0.4329,0.4329,1.0184,117.0,510820.4484199758,16.0
1459,220329_LBT003_5dpi_Pos003,220329_LBT003_Pos003,12.0,2574087.0,20.0,7080.0,LBT003,5,0.4329,0.4329,1.0184,118.0,491266.085324904,12.0
1462,220329_LBT003_5dpi_Pos003,220329_LBT003_Pos003,15.0,2715168.0,20.0,7140.0,LBT003,5,0.4329,0.4329,1.0184,119.0,518191.4808471698,12.0
1465,220329_LBT003_5dpi_Pos003,220329_LBT003_Pos003,18.0,2631251.0,20.0,7200.0,LBT003,5,0.4329,0.4329,1.0184,120.0,502175.8698432644,11.0
1468,220329_LBT003_5dpi_Pos003,220329_LBT003_Pos003,21.0,2435309.0,20.0,7260.0,LBT003,5,0.4329,0.4329,1.0184,121.0,464780.2187674724,11.0
1471,220329_LBT003_5dpi_Pos005,220329_LBT003_Pos005,0.0,2735969.0,20.0,6840.0,LBT003,5,0.4329,0.4329,1.0222,114.0,524109.72777642345,18.0
1474,220329_LBT003_5dpi_Pos005,220329_LBT003_Pos005,3.0,3010836.0,20.0,6900.0,LBT003,5,0.4329,0.4329,1.0222,115.0,576764.0043945877,18.0
1477,220329_LBT003_5dpi_Pos005,220329_LBT003_Pos005,6.0,3316759.0,20.0,6960.0,LBT003,5,0.4329,0.4329,1.0222,116.0,635367.45357495,16.0
1480,220329_LBT003_5dpi_Pos005,220329_LBT003_Pos005,9.0,3556042.0,20.0,7020.0,LBT003,5,0.4329,0.4329,1.0222,117.0,681205.1615283391,16.0
1483,220329_LBT003_5dpi_Pos005,220329_LBT003_Pos005,12.0,3435319.0,20.0,7080.0,LBT003,5,0.4329,0.4329,1.0222,118.0,658079.1324445471,12.0
1486,220329_LBT003_5dpi_Pos005,220329_LBT003_Pos005,15.0,3521468.0,20.0,7140.0,LBT003,5,0.4329,0.4329,1.0222,119.0,674582.071234501,12.0
1489,220329_LBT003_5dpi_Pos005,220329_LBT003_Pos005,18.0,3397384.0,20.0,7200.0,LBT003,5,0.4329,0.4329,1.0222,120.0,650812.1997697988,11.0
1492,220329_LBT003_5dpi_Pos005,220329_LBT003_Pos005,21.0,3476948.0,20.0,7260.0,LBT003,5,0.4329,0.4329,1.0222,121.0,666053.697893792,11.0
1495,220329_LBT003_5dpi_Pos006,220329_LBT003_Pos006,0.0,1399866.0,20.0,6840.0,LBT003,5,0.4329,0.4329,1.0222,114.0,268162.17149517074,18.0
1498,220329_LBT003_5dpi_Pos006,220329_LBT003_Pos006,3.0,1504438.0,20.0,6900.0,LBT003,5,0.4329,0.4329,1.0222,115.0,288194.2707086618,18.0
1501,220329_LBT003_5dpi_Pos006,220329_LBT003_Pos006,6.0,1754313.0,20.0,6960.0,LBT003,5,0.4329,0.4329,1.0222,116.0,336061.0112412242,16.0
1504,220329_LBT003_5dpi_Pos006,220329_LBT003_Pos006,9.0,1869691.0,20.0,7020.0,LBT003,5,0.4329,0.4329,1.0222,117.0,358163.1374609979,16.0
1507,220329_LBT003_5dpi_Pos006,220329_LBT003_Pos006,12.0,1834018.0,20.0,7080.0,LBT003,5,0.4329,0.4329,1.0222,118.0,351329.519712051,12.0
1510,220329_LBT003_5dpi_Pos006,220329_LBT003_Pos006,15.0,1944384.0,20.0,7140.0,LBT003,5,0.4329,0.4329,1.0222,119.0,372471.5334613928,12.0
1513,220329_LBT003_5dpi_Pos006,220329_LBT003_Pos006,18.0,2039368.0,20.0,7200.0,LBT003,5,0.4329,0.4329,1.0222,120.0,390666.9290901868,11.0
1516,220329_LBT003_5dpi_Pos006,220329_LBT003_Pos006,21.0,2107628.0,20.0,7260.0,LBT003,5,0.4329,0.4329,1.0222,121.0,403743.0019616332,11.0
1519,230124_LBT070_LGALS1KO_5dpi_Pos001,230124_LBT070_5dpi,0.0,23468.0,20.0,6840.0,LBT070 LGALS1KO,5,0.4329,0.4329,1.0222,114.0,4495.594464504937,1.0
1522,230124_LBT070_LGALS1KO_5dpi_Pos001,230124_LBT070_5dpi,3.0,23574.0,20.0,6900.0,LBT070 LGALS1KO,5,0.4329,0.4329,1.0222,115.0,4515.900115316148,1.0
1525,230124_LBT070_LGALS1KO_5dpi_Pos001,230124_LBT070_5dpi,6.0,22122.0,20.0,6960.0,LBT070 LGALS1KO,5,0.4329,0.4329,1.0222,116.0,4237.751011751245,1.0
1528,230124_LBT070_LGALS1KO_5dpi_Pos001,230124_LBT070_5dpi,9.0,27000.0,20.0,7020.0,LBT070 LGALS1KO,5,0.4329,0.4329,1.0222,117.0,5172.1940745540005,1.0
1531,230124_LBT070_LGALS1KO_5dpi_Pos001,230124_LBT070_5dpi,12.0,26891.0,20.0,7080.0,LBT070 LGALS1KO,5,0.4329,0.4329,1.0222,118.0,5151.313735512283,1.0
1534,230124_LBT070_LGALS1KO_5dpi_Pos001,230124_LBT070_5dpi,15.0,26980.0,20.0,7140.0,LBT070 LGALS1KO,5,0.4329,0.4329,1.0222,119.0,5168.36281968396,1.0
1537,230124_LBT070_LGALS1KO_5dpi_Pos001,230124_LBT070_5dpi,18.0,27580.0,20.0,7200.0,LBT070 LGALS1KO,5,0.4329,0.4329,1.0222,120.0,5283.30046578516,1.0
1540,230124_LBT070_LGALS1KO_5dpi_Pos001,230124_LBT070_5dpi,21.0,28320.0,20.0,7260.0,LBT070 LGALS1KO,5,0.4329,0.4329,1.0222,121.0,5425.056895976641,1.0
1543,230124_LBT070_LGALS1KO_5dpi_Pos002,230124_LBT070_5dpi,0.0,833493.0,20.0,6840.0,LBT070 LGALS1KO,5,0.4329,0.4329,1.0184,114.0,159072.6511014236,1.0
1546,230124_LBT070_LGALS1KO_5dpi_Pos002,230124_LBT070_5dpi,3.0,893708.0,20.0,6900.0,LBT070 LGALS1KO,5,0.4329,0.4329,1.0184,115.0,170564.72084414752,1.0
1549,230124_LBT070_LGALS1KO_5dpi_Pos002,230124_LBT070_5dpi,6.0,735839.0,20.0,6960.0,LBT070 LGALS1KO,5,0.4329,0.4329,1.0184,116.0,140435.3252082746,1.0
1552,230124_LBT070_LGALS1KO_5dpi_Pos002,230124_LBT070_5dpi,9.0,635889.0,20.0,7020.0,LBT070 LGALS1KO,5,0.4329,0.4329,1.0184,117.0,121359.8063045918,1.0
1555,230124_LBT070_LGALS1KO_5dpi_Pos002,230124_LBT070_5dpi,12.0,551016.0,20.0,7080.0,LBT070 LGALS1KO,5,0.4329,0.4329,1.0184,118.0,105161.7421133735,1.0
1558,230124_LBT070_LGALS1KO_5dpi_Pos002,230124_LBT070_5dpi,15.0,475431.0,20.0,7140.0,LBT070 LGALS1KO,5,0.4329,0.4329,1.0184,119.0,90736.29842818226,1.0
1561,230124_LBT070_LGALS1KO_5dpi_Pos002,230124_LBT070_5dpi,18.0,469574.0,20.0,7200.0,LBT070 LGALS1KO,5,0.4329,0.4329,1.0184,120.0,89618.48637996946,1.0
1564,230124_LBT070_LGALS1KO_5dpi_Pos002,230124_LBT070_5dpi,21.0,410620.0,20.0,7260.0,LBT070 LGALS1KO,5,0.4329,0.4329,1.0184,121.0,78367.0792619333,1.0
1567,230124_LBT070_LGALS1KO_5dpi_Pos003,230124_LBT070_5dpi,0.0,1736573.0,20.0,6840.0,LBT070 LGALS1KO,5,0.4329,0.4329,1.0184,114.0,331426.0239032031,1.0
1570,230124_LBT070_LGALS1KO_5dpi_Pos003,230124_LBT070_5dpi,3.0,1860451.0,20.0,6900.0,LBT070 LGALS1KO,5,0.4329,0.4329,1.0184,115.0,355068.2163069092,1.0
1573,230124_LBT070_LGALS1KO_5dpi_Pos003,230124_LBT070_5dpi,6.0,1819098.0,20.0,6960.0,LBT070 LGALS1KO,5,0.4329,0.4329,1.0184,116.0,347175.9708519417,1.0
1576,230124_LBT070_LGALS1KO_5dpi_Pos003,230124_LBT070_5dpi,9.0,1825352.0,20.0,7020.0,LBT070 LGALS1KO,5,0.4329,0.4329,1.0184,117.0,348369.5505940491,1.0
1579,230124_LBT070_LGALS1KO_5dpi_Pos003,230124_LBT070_5dpi,12.0,1867798.0,20.0,7080.0,LBT070 LGALS1KO,5,0.4329,0.4329,1.0184,118.0,356470.3957704945,1.0
1582,230124_LBT070_LGALS1KO_5dpi_Pos003,230124_LBT070_5dpi,15.0,1846857.0,20.0,7140.0,LBT070 LGALS1KO,5,0.4329,0.4329,1.0184,119.0,352473.7930555168,1.0
1585,230124_LBT070_LGALS1KO_5dpi_Pos003,230124_LBT070_5dpi,18.0,1886198.0,20.0,7200.0,LBT070 LGALS1KO,5,0.4329,0.4329,1.0184,120.0,359982.04707442416,1.0
1588,230124_LBT070_LGALS1KO_5dpi_Pos003,230124_LBT070_5dpi,21.0,1801683.0,20.0,7260.0,LBT070 LGALS1KO,5,0.4329,0.4329,1.0184,121.0,343852.307403141,1.0
1591,230124_LBT070_LGALS1KO_5dpi_Pos005,230124_LBT070_5dpi,0.0,949465.0,20.0,6840.0,LBT070 LGALS1KO,5,0.4329,0.4329,1.0184,114.0,181205.978548126,1.0
1594,230124_LBT070_LGALS1KO_5dpi_Pos005,230124_LBT070_5dpi,3.0,1110387.0,20.0,6900.0,LBT070 LGALS1KO,5,0.4329,0.4329,1.0184,115.0,211918.0411095912,1.0
1597,230124_LBT070_LGALS1KO_5dpi_Pos005,230124_LBT070_5dpi,6.0,1083741.0,20.0,6960.0,LBT070 LGALS1KO,5,0.4329,0.4329,1.0184,116.0,206832.63563978087,1.0
1600,230124_LBT070_LGALS1KO_5dpi_Pos005,230124_LBT070_5dpi,9.0,1066902.0,20.0,7020.0,LBT070 LGALS1KO,5,0.4329,0.4329,1.0184,117.0,203618.90214484223,1.0
1603,230124_LBT070_LGALS1KO_5dpi_Pos005,230124_LBT070_5dpi,12.0,1066691.0,20.0,7080.0,LBT070 LGALS1KO,5,0.4329,0.4329,1.0184,118.0,203578.63266521567,1.0
1606,230124_LBT070_LGALS1KO_5dpi_Pos005,230124_LBT070_5dpi,15.0,1071349.0,20.0,7140.0,LBT070 LGALS1KO,5,0.4329,0.4329,1.0184,119.0,204467.61482683007,1.0
1609,230124_LBT070_LGALS1KO_5dpi_Pos005,230124_LBT070_5dpi,18.0,1109833.0,20.0,7200.0,LBT070 LGALS1KO,5,0.4329,0.4329,1.0184,120.0,211812.3098692445,1.0
1612,230124_LBT070_LGALS1KO_5dpi_Pos005,230124_LBT070_5dpi,21.0,1028935.0,20.0,7260.0,LBT070 LGALS1KO,5,0.4329,0.4329,1.0184,121.0,196372.87687004363,1.0
1615,230124_LBT070_LGALS1KO_5dpi_Pos006,230124_LBT070_5dpi,0.0,927306.0,20.0,6840.0,LBT070 LGALS1KO,5,0.4329,0.4329,1.0222,114.0,177637.28142586563,1.0
1618,230124_LBT070_LGALS1KO_5dpi_Pos006,230124_LBT070_5dpi,3.0,928308.0,20.0,6900.0,LBT070 LGALS1KO,5,0.4329,0.4329,1.0222,115.0,177829.22729485462,1.0
1621,230124_LBT070_LGALS1KO_5dpi_Pos006,230124_LBT070_5dpi,6.0,984064.0,20.0,6960.0,LBT070 LGALS1KO,5,0.4329,0.4329,1.0222,116.0,188509.99962155207,1.0
1624,230124_LBT070_LGALS1KO_5dpi_Pos006,230124_LBT070_5dpi,9.0,1014126.0,20.0,7020.0,LBT070 LGALS1KO,5,0.4329,0.4329,1.0222,117.0,194268.75881670925,1.0
1627,230124_LBT070_LGALS1KO_5dpi_Pos006,230124_LBT070_5dpi,12.0,1029148.0,20.0,7080.0,LBT070 LGALS1KO,5,0.4329,0.4329,1.0222,118.0,197146.4143495963,1.0
1630,230124_LBT070_LGALS1KO_5dpi_Pos006,230124_LBT070_5dpi,15.0,990159.0,20.0,7140.0,LBT070 LGALS1KO,5,0.4329,0.4329,1.0222,119.0,189677.5745431968,1.0
1633,230124_LBT070_LGALS1KO_5dpi_Pos006,230124_LBT070_5dpi,18.0,1031320.0,20.0,7200.0,LBT070 LGALS1KO,5,0.4329,0.4329,1.0222,120.0,197562.48862848265,1.0
1636,230124_LBT070_LGALS1KO_5dpi_Pos006,230124_LBT070_5dpi,21.0,1025474.0,20.0,7260.0,LBT070 LGALS1KO,5,0.4329,0.4329,1.0222,121.0,196442.61282997,1.0
